job_id,permit_type,permit_subtype,work_type,job_type,filing_status,filing_date,borough,community_board,residential,bldg_type,zip_code
321601012,NB,,,NB,RENEWAL,2023-10-05,BROOKLYN,316,YES,2,11212
210178190,NB,,,NB,RENEWAL,2024-01-03,BRONX,205,YES,2,10453
322047352,NB,,,NB,RENEWAL,2023-10-20,BROOKLYN,317,YES,2,11212
321384890,FO,EA,,NB,RENEWAL,2023-10-20,BROOKLYN,309,YES,2,11203
322047352,NB,,,NB,RENEWAL,2023-10-26,BROOKLYN,317,YES,2,11212
121204277,NB,,,NB,RENEWAL,2024-06-18,MANHATTAN,110,YES,2,10027
421800956,NB,,,NB,RENEWAL,2024-04-22,QUEENS,411,YES,1,11362
340800048,FO,EA,,NB,INITIAL,2024-06-03,BROOKLYN,312,YES,1,11219
321941048,NB,,,NB,RENEWAL,2024-06-24,BROOKLYN,301,YES,2,11206
421058893,NB,,,NB,INITIAL,2025-01-03,QUEENS,413,,1,11004
340800048,NB,,,NB,RENEWAL,2024-11-13,BROOKLYN,312,YES,1,11219
121209575,NB,,,NB,RENEWAL,2025-03-19,MANHATTAN,110,YES,2,10027
421767993,NB,,,NB,INITIAL,2024-11-25,QUEENS,407,,2,11354
420665587,NB,,,NB,RENEWAL,2024-07-05,QUEENS,410,YES,1,11420
140985058,EW,OT,OT,A2,INITIAL,2023-10-13,MANHATTAN,109,,2,10027
440810598,EW,OT,OT,A2,INITIAL,2023-11-02,QUEENS,413,YES,1,11413
321953891,EW,SP,SP,A2,RENEWAL,2023-11-20,BROOKLYN,303,YES,2,11238
340752509,NB,,,NB,RENEWAL,2023-12-20,BROOKLYN,317,YES,2,11210
402071930,AL,,,A1,RENEWAL,2024-04-09,QUEENS,405,YES,1,11378
321110597,PL,,PL,A2,RENEWAL,2024-04-19,BROOKLYN,307,YES,2,11220
320564153,EW,OT,OT,A2,RENEWAL,2024-04-26,BROOKLYN,303,YES,1,11221
440230876,AL,,OT,A3,RENEWAL,2024-05-01,QUEENS,404,YES,2,11368
420377924,PL,,PL,A2,RENEWAL,2024-05-10,QUEENS,414,YES,1,11691
200753434,EW,FB,FB,A2,RENEWAL,2024-06-14,BRONX,208,,2,10463
310081639,NB,,,NB,RENEWAL,2024-06-21,BROOKLYN,301,YES,2,11211
421654025,FO,EA,,NB,RENEWAL,2024-07-03,QUEENS,401,,2,11101
220530986,EQ,FN,EQ,NB,RENEWAL,2024-08-05,BRONX,203,YES,2,10456
321158796,AL,,,A1,RENEWAL,2024-08-07,BROOKLYN,311,,2,11214
421928953,PL,,PL,NB,RENEWAL,2024-08-16,QUEENS,405,,2,11385
421695785,NB,,,NB,RENEWAL,2024-09-13,QUEENS,411,YES,2,11361
421065233,AL,,,A1,RENEWAL,2024-10-10,QUEENS,407,YES,1,11357
421357855,PL,,PL,A1,RENEWAL,2024-10-28,QUEENS,406,YES,1,11375
121207942,FO,EA,,NB,RENEWAL,2024-11-08,MANHATTAN,106,YES,2,10016
421928953,NB,,,NB,RENEWAL,2024-12-06,QUEENS,405,,2,11385
321967467,NB,,,NB,INITIAL,2024-12-06,BROOKLYN,313,YES,1,11214
420013283,AL,,,A1,RENEWAL,2025-02-11,QUEENS,407,,2,11355
320207851,AL,,,A1,RENEWAL,2025-02-20,BROOKLYN,304,,2,11237
340134919,PL,,PL,A2,RENEWAL,2025-03-17,BROOKLYN,303,YES,2,11221
320719317,EW,FS,FS,A2,RENEWAL,2025-03-18,BROOKLYN,306,YES,2,11217
220152803,EQ,FN,EQ,NB,RENEWAL,2025-04-10,BRONX,203,YES,2,10459
321973192,AL,,,A1,RENEWAL,2025-05-12,BROOKLYN,317,,1,11203
201199390,PL,,PL,A2,RENEWAL,2025-12-02,BRONX,204,,2,10452
321619726,EW,OT,OT,A2,RENEWAL,2025-12-10,BROOKLYN,301,YES,2,11211
421258677,AL,,,A1,RENEWAL,2026-01-06,QUEENS,405,YES,1,11379
321183303,NB,,,NB,RENEWAL,2026-02-04,BROOKLYN,307,,2,11232
321183303,FO,,,NB,RENEWAL,2026-02-26,BROOKLYN,307,,2,11232
220143271,AL,,,A1,RENEWAL,2026-03-18,BRONX,206,,2,10457
402376852,EQ,FN,EQ,NB,RENEWAL,2026-03-25,QUEENS,413,YES,1,11413
220725561,NB,,,NB,RENEWAL,2026-04-13,BRONX,208,,2,10471
122621733,EW,SP,SP,A2,RENEWAL,2026-04-17,MANHATTAN,105,,2,10036
421258221,FO,EA,,NB,RENEWAL,2026-05-04,QUEENS,404,YES,1,11373
104354011,NB,,,NB,RENEWAL,2026-05-13,MANHATTAN,110,,2,10026
321193631,PL,,PL,NB,RENEWAL,2026-05-14,BROOKLYN,301,,2,11222
321583274,NB,,,NB,RENEWAL,2026-05-15,BROOKLYN,303,,2,11205
240348450,EW,OT,OT,A2,INITIAL,2026-06-01,BRONX,212,YES,1,10469
420330378,NB,,,NB,RENEWAL,2026-06-08,QUEENS,407,,2,11355
123213520,EQ,OT,EQ,A1,INITIAL,2026-07-20,MANHATTAN,102,YES,2,10014
402250210,AL,,,A1,RENEWAL,2026-07-21,QUEENS,410,YES,1,11417
420858619,EW,OT,OT,A2,RENEWAL,2026-08-05,QUEENS,401,,2,11103
420458775,PL,,PL,A2,RENEWAL,2023-08-30,QUEENS,410,YES,1,11419
321849657,PL,,PL,A2,RENEWAL,2025-04-18,BROOKLYN,308,,2,11238
402537091,NB,,,NB,RENEWAL,2026-01-08,QUEENS,409,YES,1,11419
440810204,EW,OT,OT,A2,INITIAL,2023-10-30,QUEENS,413,YES,1,11428
320072416,AL,,,A1,RENEWAL,2024-07-25,BROOKLYN,315,YES,1,11229
340795483,FO,,,NB,RENEWAL,2025-12-17,BROOKLYN,314,,2,11226
123186364,AL,,,A1,RENEWAL,2026-03-30,MANHATTAN,102,,2,10012
121163481,PL,,PL,A2,RENEWAL,2026-06-30,MANHATTAN,108,YES,2,10128
122535630,PL,,PL,A1,INITIAL,2023-08-22,MANHATTAN,108,,2,10065
321951642,EW,BL,BL,A2,RENEWAL,2023-08-22,BROOKLYN,309,YES,2,11225
420195906,AL,,,A1,RENEWAL,2023-08-23,QUEENS,402,,2,11101
122535630,AL,,,A1,RENEWAL,2023-08-23,MANHATTAN,108,YES,2,10065
340731499,EW,OT,OT,A2,RENEWAL,2023-08-24,BROOKLYN,308,YES,2,11216
520322473,AL,,,A1,RENEWAL,2023-08-24,STATEN ISLAND,503,YES,1,10307
340897514,EW,OT,OT,A2,INITIAL,2023-08-24,BROOKLYN,318,YES,1,11234
320622858,FO,EA,,NB,RENEWAL,2023-08-25,BROOKLYN,301,YES,2,11206
321958850,NB,,,NB,RENEWAL,2023-08-29,BROOKLYN,304,YES,2,11221
520005039,PL,,PL,A2,INITIAL,2023-08-30,STATEN ISLAND,502,YES,2,10305
321596965,NB,,,NB,RENEWAL,2023-08-31,BROOKLYN,312,YES,2,11220
321637957,EW,OT,OT,A2,RENEWAL,2023-09-01,BROOKLYN,301,YES,1,11211
210180971,NB,,,NB,RENEWAL,2023-09-01,BRONX,205,YES,2,10468
322100882,DM,,,DM,RENEWAL,2023-09-01,BROOKLYN,312,,2,11219
120540619,EW,OT,OT,A2,RENEWAL,2023-09-05,MANHATTAN,102,,2,10013
321595001,AL,,,A1,RENEWAL,2023-09-06,BROOKLYN,307,YES,2,11215
100561429,AL,,,A1,RENEWAL,2023-09-05,MANHATTAN,105,YES,2,10010
340898201,EW,OT,OT,A2,INITIAL,2023-09-05,BROOKLYN,318,YES,1,11236
120804978,PL,,PL,A2,RENEWAL,2023-09-07,MANHATTAN,112,YES,2,10033
210179723,FO,EA,,NB,RENEWAL,2023-09-06,BRONX,211,YES,1,10469
321595001,FO,EA,,A1,RENEWAL,2023-09-06,BROOKLYN,307,YES,2,11215
321595001,FO,,,A1,RENEWAL,2023-09-06,BROOKLYN,307,YES,2,11215
321424259,EW,OT,OT,A2,RENEWAL,2023-09-11,BROOKLYN,303,YES,2,11216
220593926,FO,EA,,NB,RENEWAL,2023-09-11,BRONX,212,YES,1,10466
123908085,DM,,,DM,RENEWAL,2023-09-11,MANHATTAN,104,,2,10036
320613555,PL,,PL,A1,INITIAL,2023-09-12,BROOKLYN,303,YES,2,11221
440654784,NB,,,NB,RENEWAL,2023-09-12,QUEENS,404,YES,2,11368
301093590,EW,BL,BL,A2,RENEWAL,2023-09-12,BROOKLYN,306,,2,11215
321480214,EW,OT,OT,A2,RENEWAL,2023-09-13,BROOKLYN,318,,2,11236
302075830,EW,OT,OT,A2,RENEWAL,2023-09-13,BROOKLYN,310,,2,11220
321769877,AL,,,A1,RENEWAL,2023-09-13,BROOKLYN,308,,2,11213
321728074,EW,OT,OT,A2,RENEWAL,2023-09-13,BROOKLYN,302,YES,2,11201
310068342,AL,,,A1,RENEWAL,2023-09-13,BROOKLYN,318,YES,1,11234
121189472,AL,,,A1,RENEWAL,2023-09-13,MANHATTAN,104,YES,1,10011
300690312,AL,,,A1,RENEWAL,2023-09-14,BROOKLYN,308,YES,2,11216
402415356,NB,,,NB,RENEWAL,2023-09-15,QUEENS,412,YES,1,11433
440799450,EW,OT,OT,A2,INITIAL,2023-09-15,QUEENS,410,YES,1,11420
321594137,PL,,PL,NB,RENEWAL,2023-09-18,BROOKLYN,305,,2,11207
121204035,NB,,,NB,RENEWAL,2023-09-18,MANHATTAN,102,YES,2,10014
421573087,FO,EA,,NB,RENEWAL,2023-09-18,QUEENS,404,YES,1,11368
322099199,DM,,,DM,INITIAL,2023-09-19,BROOKLYN,301,,1,11222
321904150,EW,OT,OT,A2,RENEWAL,2023-09-19,BROOKLYN,308,YES,1,11233
100561429,EW,SP,SP,A1,RENEWAL,2023-09-19,MANHATTAN,105,,2,10010
421133507,NB,,,NB,RENEWAL,2023-09-20,QUEENS,414,,2,11691
440653268,EW,OT,OT,A2,INITIAL,2023-09-20,QUEENS,408,YES,1,11367
321915442,EW,OT,OT,A2,RENEWAL,2023-09-20,BROOKLYN,318,YES,1,11234
421943829,EW,OT,OT,A2,RENEWAL,2023-09-20,QUEENS,412,YES,1,11434
421133507,FO,,,NB,RENEWAL,2023-09-20,QUEENS,414,,2,11691
340767879,EW,OT,OT,A2,INITIAL,2023-09-20,BROOKLYN,312,YES,1,11219
340658844,EW,BL,BL,A2,INITIAL,2023-09-20,BROOKLYN,304,,2,11206
121371256,AL,,,A1,RENEWAL,2023-09-20,MANHATTAN,101,,2,10013
421643993,NB,,,NB,RENEWAL,2023-09-21,QUEENS,401,YES,2,11106
200984747,NB,,,NB,RENEWAL,2023-09-21,BRONX,201,YES,1,10455
320593602,NB,,,NB,RENEWAL,2023-09-21,BROOKLYN,301,,2,11222
421902702,EW,OT,OT,A2,RENEWAL,2023-09-22,QUEENS,409,,2,11416
340772747,EW,OT,OT,A2,RENEWAL,2023-09-22,BROOKLYN,317,YES,1,11203
322105583,EQ,OT,EQ,DM,INITIAL,2023-09-22,BROOKLYN,306,,2,11231
440788202,EW,OT,OT,A2,INITIAL,2023-09-25,QUEENS,403,YES,1,11368
322105583,DM,,,DM,INITIAL,2023-09-26,BROOKLYN,306,,2,11231
121749493,PL,,PL,A1,RENEWAL,2023-09-26,MANHATTAN,110,,2,10026
321958850,FO,EA,,NB,RENEWAL,2023-09-27,BROOKLYN,304,YES,2,11221
220628202,EW,OT,OT,A2,RENEWAL,2023-09-28,BRONX,203,YES,2,10456
220628202,PL,,PL,A2,RENEWAL,2023-09-28,BRONX,203,YES,2,10456
220732777,NB,,,NB,RENEWAL,2023-09-28,BRONX,212,YES,2,10466
210179340,NB,,,NB,RENEWAL,2023-09-28,BRONX,212,YES,1,10469
421925787,EW,OT,OT,A2,RENEWAL,2023-10-05,QUEENS,414,YES,1,11694
421925787,EW,MH,MH,A2,RENEWAL,2023-10-05,QUEENS,414,,1,11694
340702573,AL,,OT,A3,RENEWAL,2023-10-05,BROOKLYN,306,YES,2,11215
421862504,PL,,PL,A1,INITIAL,2023-10-06,QUEENS,410,YES,2,11417
440806399,EW,OT,OT,A2,INITIAL,2023-10-06,QUEENS,409,YES,1,11419
122851486,EW,OT,OT,A2,RENEWAL,2023-10-09,MANHATTAN,104,YES,2,10011
421899805,EW,OT,OT,A2,RENEWAL,2023-10-10,QUEENS,408,,2,11367
540259496,EW,OT,OT,A2,INITIAL,2023-10-10,STATEN ISLAND,503,YES,1,10307
421921451,AL,,,A1,RENEWAL,2023-10-10,QUEENS,412,YES,1,11434
401471224,AL,,,A1,RENEWAL,2023-10-10,QUEENS,408,YES,1,11435
440629287,EW,OT,OT,A2,INITIAL,2023-10-11,QUEENS,403,,2,11372
322105583,DM,,,DM,INITIAL,2023-10-13,BROOKLYN,306,,2,11231
421592609,AL,,,A1,RENEWAL,2023-10-13,QUEENS,412,,2,11432
420667497,NB,,,NB,RENEWAL,2023-10-13,QUEENS,414,YES,2,11691
421459353,EW,OT,OT,A2,RENEWAL,2023-10-13,QUEENS,413,YES,1,11428
322028417,EW,OT,OT,A2,RENEWAL,2023-10-13,BROOKLYN,316,YES,1,11233
420667497,NB,,,NB,RENEWAL,2023-10-16,QUEENS,414,YES,2,11691
240354371,EW,OT,OT,A2,INITIAL,2023-10-17,BRONX,212,YES,1,10469
340896971,EW,OT,OT,A2,INITIAL,2023-10-18,BROOKLYN,305,YES,1,11208
421598006,NB,,,NB,RENEWAL,2023-10-18,QUEENS,412,YES,2,11432
520335441,PL,,PL,A2,RENEWAL,2023-10-19,STATEN ISLAND,503,YES,1,10312
122418883,AL,,,A1,RENEWAL,2023-10-19,MANHATTAN,104,YES,2,10001
421435254,EQ,FN,EQ,A3,RENEWAL,2023-10-20,QUEENS,414,YES,1,11694
421686134,NB,,,NB,RENEWAL,2023-10-23,QUEENS,405,YES,1,11379
103641686,EW,OT,OT,A2,RENEWAL,2023-10-23,MANHATTAN,112,,2,10033
421549453,EW,OT,OT,A2,RENEWAL,2023-10-23,QUEENS,407,YES,1,11357
240356930,EW,OT,OT,A2,INITIAL,2023-10-23,BRONX,212,YES,1,10469
201203857,EW,OT,OT,A2,RENEWAL,2023-10-25,BRONX,208,,2,10471
123741399,EW,OT,OT,A2,RENEWAL,2023-10-26,MANHATTAN,108,YES,2,10028
322105262,DM,,,DM,INITIAL,2023-10-26,BROOKLYN,306,,2,11231
301320201,NB,,,NB,RENEWAL,2023-10-26,BROOKLYN,301,YES,2,11222
240287355,EW,OT,OT,A2,RENEWAL,2023-10-27,BRONX,205,YES,2,10453
321598035,FO,EA,,NB,INITIAL,2023-10-27,BROOKLYN,312,,2,11230
321598035,FO,,,NB,INITIAL,2023-10-27,BROOKLYN,312,,2,11230
101634108,AL,,,A1,RENEWAL,2023-10-30,MANHATTAN,105,,2,10036
421893115,AL,,,A1,RENEWAL,2023-10-31,QUEENS,411,YES,1,11362
340903721,EW,OT,OT,A2,INITIAL,2023-11-01,BROOKLYN,317,YES,1,11226
123573944,EW,OT,OT,A2,RENEWAL,2023-11-01,MANHATTAN,108,,2,10028
520245075,PL,,PL,A1,RENEWAL,2023-11-01,STATEN ISLAND,503,YES,1,10306
421764022,AL,,,A1,INITIAL,2023-11-01,QUEENS,412,YES,1,11433
440635350,EW,OT,OT,A2,RENEWAL,2023-11-01,QUEENS,409,,2,11418
421893115,AL,,,A1,RENEWAL,2023-11-02,QUEENS,411,YES,1,11362
140459304,EQ,SH,EQ,A3,RENEWAL,2023-11-02,MANHATTAN,110,YES,2,10030
321184428,AL,,,A1,RENEWAL,2023-11-02,BROOKLYN,306,YES,1,11201
301129981,PL,,PL,NB,RENEWAL,2023-11-03,BROOKLYN,301,YES,2,11206
340900797,EW,OT,OT,A2,INITIAL,2023-11-03,BROOKLYN,303,YES,1,11221
340766825,AL,,,A1,INITIAL,2023-11-03,BROOKLYN,314,,1,11210
122136358,EW,OT,OT,A2,RENEWAL,2023-11-06,MANHATTAN,103,,2,10009
122136358,EW,OT,OT,A2,RENEWAL,2023-11-06,MANHATTAN,103,,2,10009
122136358,EW,OT,OT,A2,RENEWAL,2023-11-06,MANHATTAN,103,,2,10009
122136358,EW,OT,OT,A2,RENEWAL,2023-11-06,MANHATTAN,103,,2,10009
220693943,AL,,,A1,RENEWAL,2023-11-08,BRONX,212,YES,1,10466
500081074,NB,,,NB,RENEWAL,2023-11-09,STATEN ISLAND,501,YES,1,10304
322105262,EQ,OT,EQ,DM,RENEWAL,2023-11-08,BROOKLYN,306,,2,11231
520366942,PL,,PL,NB,INITIAL,2023-11-09,STATEN ISLAND,501,,2,10303
500289234,EQ,FN,EQ,A3,RENEWAL,2023-11-09,STATEN ISLAND,501,,1,10304
500081092,NB,,,NB,RENEWAL,2023-11-09,STATEN ISLAND,501,YES,1,10304
500081083,NB,,,NB,RENEWAL,2023-11-09,STATEN ISLAND,501,YES,1,10304
123059956,EW,OT,OT,A2,RENEWAL,2023-11-09,MANHATTAN,102,YES,2,10012
440799851,EW,OT,OT,A2,INITIAL,2023-11-13,QUEENS,414,YES,1,11691
340906096,EW,OT,OT,A2,INITIAL,2023-11-14,BROOKLYN,318,YES,1,11236
440805489,EW,OT,OT,A2,RENEWAL,2023-11-14,QUEENS,404,YES,1,11368
121986958,PL,,PL,A2,RENEWAL,2023-11-14,MANHATTAN,111,YES,2,10029
140942265,EW,OT,OT,A2,RENEWAL,2023-11-14,MANHATTAN,110,YES,2,10030
123797169,EW,OT,OT,A2,RENEWAL,2023-11-14,MANHATTAN,106,,2,10010
321572981,AL,,,A1,RENEWAL,2023-11-15,BROOKLYN,303,YES,1,11205
321805855,FO,,,NB,RENEWAL,2023-11-15,BROOKLYN,301,YES,2,11222
321598357,AL,,,A1,RENEWAL,2023-11-15,BROOKLYN,317,YES,2,11203
421940467,FO,,,NB,RENEWAL,2023-11-15,QUEENS,412,YES,1,11435
420170745,PL,,PL,A2,RENEWAL,2023-11-15,QUEENS,403,YES,1,11368
122418883,PL,,PL,A1,RENEWAL,2023-11-15,MANHATTAN,104,YES,2,10001
321791879,PL,,PL,NB,INITIAL,2023-11-16,BROOKLYN,301,YES,2,11222
340904846,EW,OT,OT,A2,INITIAL,2023-11-16,BROOKLYN,303,YES,1,11221
120990963,EW,OT,OT,A2,RENEWAL,2023-11-17,MANHATTAN,107,YES,2,10025
140685701,EW,FS,FS,A2,RENEWAL,2023-11-17,MANHATTAN,104,YES,2,10011
321805855,FO,EA,,NB,RENEWAL,2023-11-20,BROOKLYN,301,YES,2,11222
340757381,EW,OT,OT,A2,RENEWAL,2023-11-30,BROOKLYN,302,,2,11201
322038479,EW,OT,OT,A2,RENEWAL,2023-11-30,BROOKLYN,302,,2,11201
321920515,PL,,PL,A2,RENEWAL,2023-11-21,BROOKLYN,317,YES,1,11203
240357403,EQ,OT,EQ,A3,INITIAL,2023-11-21,BRONX,212,YES,2,10469
300498450,AL,,,A1,RENEWAL,2023-11-22,BROOKLYN,314,YES,1,11210
321557338,PL,,PL,A2,RENEWAL,2023-11-22,BROOKLYN,317,YES,2,11203
340681337,EW,SP,SP,A2,INITIAL,2023-11-22,BROOKLYN,303,,2,11205
321595895,AL,,,A1,RENEWAL,2023-11-24,BROOKLYN,303,YES,2,11221
322104236,DM,,,DM,INITIAL,2023-11-24,BROOKLYN,301,,1,11206
420665122,AL,,,A1,RENEWAL,2023-11-24,QUEENS,407,,2,11355
121205034,AL,,,A1,RENEWAL,2023-11-27,MANHATTAN,101,,2,10013
123774102,EW,SP,SP,A2,RENEWAL,2023-11-27,MANHATTAN,101,,2,10013
220695148,AL,,,A1,RENEWAL,2023-11-29,BRONX,209,YES,2,10472
340783441,EW,OT,OT,A2,RENEWAL,2023-11-30,BROOKLYN,302,,2,11201
321380233,PL,,PL,NB,RENEWAL,2023-11-30,BROOKLYN,312,,2,11219
421640978,AL,,,A1,RENEWAL,2023-11-30,QUEENS,411,YES,1,11362
420665122,AL,,,A1,RENEWAL,2023-11-30,QUEENS,407,,2,11355
121188053,FO,,,NB,RENEWAL,2023-12-01,MANHATTAN,101,YES,2,10038
120521453,EW,OT,OT,A2,RENEWAL,2023-12-05,MANHATTAN,112,YES,2,10033
220705422,EW,OT,OT,A2,RENEWAL,2023-12-05,BRONX,210,YES,1,10464
321805828,FO,EA,,NB,RENEWAL,2023-12-11,BROOKLYN,301,YES,2,11222
420274189,PL,,PL,A2,RENEWAL,2023-12-11,QUEENS,414,YES,2,11694
421930557,EW,BL,BL,A2,RENEWAL,2023-12-11,QUEENS,405,YES,2,11385
101837737,NB,,,NB,RENEWAL,2023-12-12,MANHATTAN,105,,2,10036
402887916,EW,OT,OT,A2,RENEWAL,2023-12-12,QUEENS,405,,2,11378
122137437,EQ,FN,EQ,NB,RENEWAL,2023-12-13,MANHATTAN,105,YES,2,10022
201048865,NB,,,NB,RENEWAL,2023-12-14,BRONX,208,YES,1,10468
122938385,PL,,PL,A2,RENEWAL,2023-12-14,MANHATTAN,111,,2,10029
122938385,PL,,PL,A2,RENEWAL,2023-12-14,MANHATTAN,111,,2,10029
220632322,EW,OT,OT,A2,RENEWAL,2023-12-14,BRONX,208,YES,1,10463
220632322,PL,,PL,A2,RENEWAL,2023-12-14,BRONX,208,YES,1,10463
321544450,EQ,FN,EQ,A1,RENEWAL,2023-12-14,BROOKLYN,312,YES,1,11219
320061400,AL,,,A1,RENEWAL,2023-12-14,BROOKLYN,315,YES,1,11235
121918531,PL,,PL,A2,RENEWAL,2023-12-14,MANHATTAN,107,,2,10023
240329738,EW,OT,OT,A2,RENEWAL,2023-12-15,BRONX,208,YES,2,10471
103314423,EW,OT,OT,A2,RENEWAL,2023-12-15,MANHATTAN,107,,2,10025
140361828,AL,,OT,A3,INITIAL,2023-12-15,MANHATTAN,105,,2,10001
500152586,NB,,,NB,RENEWAL,2023-12-15,STATEN ISLAND,503,YES,1,10312
322116321,AL,,,A1,RENEWAL,2023-12-18,BROOKLYN,302,,2,11201
420841557,EW,OT,OT,A2,RENEWAL,2023-12-18,QUEENS,405,YES,1,11378
340900948,EW,OT,OT,A2,INITIAL,2023-12-20,BROOKLYN,313,YES,1,11224
220631341,NB,,,NB,INITIAL,2023-12-20,BRONX,207,YES,2,10468
400043519,NB,,,NB,RENEWAL,2023-12-20,QUEENS,408,,2,11435
121185813,EQ,FN,EQ,NB,RENEWAL,2023-12-21,MANHATTAN,105,YES,2,10001
321597839,AL,,,A1,RENEWAL,2023-12-21,BROOKLYN,309,YES,1,11225
340753125,EW,OT,OT,A2,RENEWAL,2023-12-21,BROOKLYN,305,YES,1,11207
421078069,AL,,,A1,RENEWAL,2023-12-22,QUEENS,411,YES,1,11360
540178699,EW,OT,OT,A2,RENEWAL,2023-12-22,STATEN ISLAND,502,YES,1,10314
320912937,AL,,,A1,RENEWAL,2023-12-22,BROOKLYN,303,YES,2,11216
321131299,PL,,PL,A2,RENEWAL,2023-12-26,BROOKLYN,303,YES,2,11221
321387940,AL,,,A1,RENEWAL,2023-12-26,BROOKLYN,304,YES,2,11237
321195032,EQ,FN,EQ,NB,RENEWAL,2023-12-27,BROOKLYN,302,YES,2,11201
121189301,NB,,,NB,RENEWAL,2023-12-27,MANHATTAN,107,YES,2,10023
440635822,EW,OT,OT,A2,RENEWAL,2023-12-29,QUEENS,403,YES,1,11369
121206818,FO,EA,,NB,RENEWAL,2023-12-28,MANHATTAN,111,YES,2,10035
121206818,FO,,,NB,RENEWAL,2023-12-28,MANHATTAN,111,YES,2,10035
421211076,AL,,,A1,RENEWAL,2023-12-29,QUEENS,403,,2,11368
421091115,PL,,PL,A2,RENEWAL,2023-12-29,QUEENS,407,YES,2,11354
421154752,EW,OT,OT,A2,RENEWAL,2023-12-29,QUEENS,407,YES,2,11354
123250196,DM,,,DM,INITIAL,2023-12-29,MANHATTAN,104,,2,10018
540178699,EW,OT,OT,A2,RENEWAL,2024-01-02,STATEN ISLAND,502,YES,1,10314
420602324,NB,,,NB,RENEWAL,2024-01-02,QUEENS,402,YES,2,11101
123878795,EW,OT,OT,A2,RENEWAL,2024-01-03,MANHATTAN,109,YES,2,10031
121206818,FO,,,NB,RENEWAL,2024-01-03,MANHATTAN,111,YES,2,10035
320906374,NB,,,NB,RENEWAL,2024-01-05,BROOKLYN,310,YES,2,11228
421171840,EQ,FN,EQ,A3,RENEWAL,2024-01-05,QUEENS,402,YES,2,11101
121206818,FO,EA,,NB,RENEWAL,2024-01-05,MANHATTAN,111,YES,2,10035
302231243,NB,,,NB,RENEWAL,2024-01-08,BROOKLYN,301,,2,11222
220728899,DM,,,DM,INITIAL,2024-01-08,BRONX,211,,1,10469
321732069,AL,,,A1,RENEWAL,2024-01-08,BROOKLYN,303,YES,2,11238
401116403,AL,,,A1,RENEWAL,2024-01-09,QUEENS,410,,2,11419
123690595,EW,OT,OT,A2,RENEWAL,2024-01-09,MANHATTAN,105,,2,10001
500152586,NB,,,NB,RENEWAL,2024-01-11,STATEN ISLAND,503,YES,1,10312
320891843,NB,,,NB,RENEWAL,2024-01-11,BROOKLYN,312,YES,2,11219
220590885,EW,FS,FS,A2,INITIAL,2024-01-12,BRONX,201,,2,10455
240329337,EW,OT,OT,A2,RENEWAL,2024-01-17,BRONX,208,YES,2,10471
220206159,AL,,,A1,RENEWAL,2024-01-12,BRONX,204,YES,2,10451
322072216,FO,EA,,NB,INITIAL,2024-01-12,BROOKLYN,307,YES,1,11232
103652352,EW,MH,MH,A2,INITIAL,2024-01-16,MANHATTAN,103,,2,10038
421417121,EW,SP,SP,A2,RENEWAL,2024-01-16,QUEENS,403,,2,11369
440757575,EW,OT,OT,A2,RENEWAL,2024-01-16,QUEENS,411,YES,1,11361
321109901,EQ,FN,EQ,A1,RENEWAL,2024-01-16,BROOKLYN,312,YES,1,11204
500867680,DM,,,DM,RENEWAL,2024-01-17,STATEN ISLAND,501,,2,10301
104680481,AL,,,A1,RENEWAL,2024-01-17,MANHATTAN,102,YES,2,10012
421685607,AL,,,A1,RENEWAL,2024-01-19,QUEENS,407,YES,1,11357
421925787,EW,MH,MH,A2,RENEWAL,2024-01-19,QUEENS,414,,1,11694
322037988,EW,OT,OT,A2,RENEWAL,2024-01-19,BROOKLYN,302,YES,2,11238
421935026,FO,,,NB,RENEWAL,2024-01-19,QUEENS,412,YES,2,11434
320978064,NB,,,NB,RENEWAL,2024-01-19,BROOKLYN,311,YES,2,11214
220736666,AL,,,A1,RENEWAL,2024-01-22,BRONX,204,,2,10451
322111488,DM,,,DM,RENEWAL,2024-01-23,BROOKLYN,301,,2,11211
300326476,PL,,PL,A1,INITIAL,2024-01-25,BROOKLYN,315,,2,11229
240329738,EW,OT,OT,A2,RENEWAL,2024-01-23,BRONX,208,YES,2,10471
340766923,AL,,OT,A3,RENEWAL,2024-01-23,BROOKLYN,304,YES,2,11237
322072216,FO,,,NB,INITIAL,2024-01-25,BROOKLYN,307,YES,1,11232
321109901,FO,EA,,A1,INITIAL,2024-01-25,BROOKLYN,312,YES,1,11204
321109901,FO,,,A1,INITIAL,2024-01-25,BROOKLYN,312,YES,1,11204
321109901,AL,,,A1,INITIAL,2024-01-25,BROOKLYN,312,YES,1,11204
210028726,NB,,,NB,RENEWAL,2024-01-31,BRONX,205,,2,10468
340643511,EW,OT,OT,A2,RENEWAL,2024-02-01,BROOKLYN,309,YES,2,11226
420871088,EW,OT,OT,A2,RENEWAL,2024-02-01,QUEENS,410,YES,1,11417
320908096,EQ,FN,EQ,NB,RENEWAL,2024-02-01,BROOKLYN,304,YES,2,11221
122538995,EQ,SH,EQ,A3,RENEWAL,2024-02-02,MANHATTAN,102,YES,2,10012
320906374,EQ,FN,EQ,NB,RENEWAL,2024-02-02,BROOKLYN,310,YES,2,11228
421435343,NB,,,NB,RENEWAL,2024-02-02,QUEENS,407,,1,11358
321327863,PL,,PL,NB,INITIAL,2024-02-05,BROOKLYN,305,YES,2,11208
122938385,EW,SP,SP,A2,RENEWAL,2024-02-06,MANHATTAN,111,,2,10029
122938385,EW,SD,SD,A2,RENEWAL,2024-02-06,MANHATTAN,111,,2,10029
321797365,PL,,PL,A2,RENEWAL,2024-02-22,BROOKLYN,310,YES,1,11209
201202956,EW,MH,MH,A2,RENEWAL,2024-02-06,BRONX,209,,2,10472
400446077,AL,,,A1,RENEWAL,2024-02-06,QUEENS,408,YES,1,11366
421207223,PL,,PL,A2,INITIAL,2024-02-06,QUEENS,414,,2,11693
420662848,PL,,PL,A1,INITIAL,2024-02-26,QUEENS,413,,2,11428
321190331,EQ,FN,EQ,NB,RENEWAL,2024-03-05,BROOKLYN,310,YES,2,11219
321522090,EW,OT,OT,A2,RENEWAL,2024-02-14,BROOKLYN,306,YES,2,11231
321973183,EW,OT,OT,A2,RENEWAL,2024-02-14,BROOKLYN,305,YES,1,11207
420940520,NB,,,NB,RENEWAL,2024-02-15,QUEENS,405,,1,11378
302245381,PL,,PL,NB,RENEWAL,2024-02-15,BROOKLYN,312,YES,1,11219
420512467,EW,OT,OT,A2,RENEWAL,2024-02-15,QUEENS,405,YES,1,11378
520375399,NB,,,NB,RENEWAL,2024-02-16,STATEN ISLAND,501,YES,2,10305
322008448,AL,,,A1,RENEWAL,2024-02-16,BROOKLYN,315,,2,11223
321190313,EQ,FN,EQ,NB,RENEWAL,2024-03-05,BROOKLYN,310,YES,2,11219
520386582,AL,,OT,A3,INITIAL,2024-02-21,STATEN ISLAND,502,YES,1,10314
520370875,NB,,,NB,RENEWAL,2024-02-21,STATEN ISLAND,502,YES,1,10314
121332968,AL,,,A1,RENEWAL,2024-02-21,MANHATTAN,105,YES,2,10019
401990002,AL,,,A1,RENEWAL,2024-02-21,QUEENS,408,,2,11367
321190723,EQ,FN,EQ,NB,RENEWAL,2024-03-05,BROOKLYN,310,YES,2,11219
401949433,AL,,,A1,RENEWAL,2024-02-21,QUEENS,410,YES,1,11420
321190279,EQ,FN,EQ,NB,RENEWAL,2024-03-05,BROOKLYN,310,YES,2,11219
320911607,FO,EA,,NB,RENEWAL,2024-02-27,BROOKLYN,312,,2,11218
101257925,AL,,,A1,RENEWAL,2024-02-29,MANHATTAN,107,YES,2,10024
420940147,AL,,OT,A3,RENEWAL,2024-03-01,QUEENS,411,YES,1,11362
122649820,PL,,PL,A2,RENEWAL,2024-03-01,MANHATTAN,107,,2,10024
240295079,EW,OT,OT,A2,RENEWAL,2024-03-04,BRONX,204,YES,2,10452
440613971,EW,OT,OT,A2,INITIAL,2024-03-05,QUEENS,405,YES,1,11385
121238794,EW,OT,OT,A2,RENEWAL,2024-03-05,MANHATTAN,108,,2,10065
321190340,EQ,FN,EQ,NB,RENEWAL,2024-03-05,BROOKLYN,310,YES,2,11219
122343124,AL,,,A1,RENEWAL,2024-03-06,MANHATTAN,105,,2,10011
321978375,EW,OT,OT,A2,RENEWAL,2024-03-06,BROOKLYN,301,YES,2,11222
510002854,AL,,,A1,RENEWAL,2024-03-08,STATEN ISLAND,502,YES,1,10305
322015181,EW,OT,OT,A2,RENEWAL,2024-03-11,BROOKLYN,306,YES,2,11231
121190308,NB,,,NB,RENEWAL,2024-03-11,MANHATTAN,104,YES,2,10011
421245762,PL,,PL,A2,RENEWAL,2024-03-12,QUEENS,414,YES,1,11691
220564342,EW,OT,OT,A2,RENEWAL,2024-03-18,BRONX,201,,2,10454
220564342,EW,MH,MH,A2,RENEWAL,2024-03-18,BRONX,201,,2,10454
220564342,EW,OT,OT,A2,RENEWAL,2024-03-18,BRONX,201,,2,10454
421898851,EW,OT,OT,A2,RENEWAL,2024-03-19,QUEENS,413,,2,11411
322050622,EW,OT,OT,A2,RENEWAL,2024-03-22,BROOKLYN,306,,2,11231
440640157,EW,OT,OT,A2,RENEWAL,2024-03-25,QUEENS,412,YES,2,11432
321973012,AL,,,A1,RENEWAL,2024-03-26,BROOKLYN,311,YES,1,11214
140633679,EQ,SH,EQ,A3,RENEWAL,2024-03-26,MANHATTAN,103,YES,2,10009
421732842,EW,OT,OT,A2,RENEWAL,2024-03-28,QUEENS,412,YES,2,11435
122910387,EW,OT,OT,A2,RENEWAL,2024-03-29,MANHATTAN,107,YES,2,10024
210179867,FO,EA,,NB,RENEWAL,2024-03-29,BRONX,211,YES,1,10469
200623806,NB,,,NB,RENEWAL,2024-04-01,BRONX,210,YES,1,10475
321383800,FO,,,A1,RENEWAL,2024-04-02,BROOKLYN,307,,2,11220
420031067,EW,OT,OT,A2,RENEWAL,2024-04-03,QUEENS,412,YES,1,11436
421886766,PL,,PL,A2,RENEWAL,2024-04-03,QUEENS,404,YES,1,11373
421592734,EW,OT,OT,A2,RENEWAL,2024-04-04,QUEENS,403,,2,11372
140947224,AL,,,A1,RENEWAL,2024-04-04,MANHATTAN,108,YES,2,10028
440306802,EQ,SH,EQ,A3,RENEWAL,2024-04-05,QUEENS,412,YES,2,11432
320522172,EQ,SH,EQ,A3,RENEWAL,2024-04-05,BROOKLYN,309,YES,2,11203
302581310,EW,OT,OT,A2,RENEWAL,2024-04-08,BROOKLYN,317,,2,11212
302581310,EW,OT,OT,A2,RENEWAL,2024-04-08,BROOKLYN,317,,2,11212
420655142,EQ,FN,EQ,NB,RENEWAL,2024-04-09,QUEENS,412,,2,11435
322033143,DM,,,DM,RENEWAL,2024-04-10,BROOKLYN,306,,1,11231
421662016,NB,,,NB,RENEWAL,2024-04-11,QUEENS,401,,2,11101
121920154,EW,OT,OT,A2,RENEWAL,2024-04-11,MANHATTAN,102,,2,10014
421469100,DM,,,DM,RENEWAL,2024-04-12,QUEENS,414,,2,11694
300727346,NB,,,NB,RENEWAL,2024-04-15,BROOKLYN,312,YES,1,11219
321588554,FO,EA,,NB,INITIAL,2024-04-15,BROOKLYN,301,YES,2,11211
302298323,AL,,,A1,RENEWAL,2024-04-16,BROOKLYN,309,YES,1,11203
220561924,AL,,,A1,RENEWAL,2024-04-16,BRONX,207,YES,2,10458
320564153,EW,OT,OT,A2,RENEWAL,2024-04-17,BROOKLYN,303,YES,1,11221
540263695,AL,,OT,A3,INITIAL,2024-04-17,STATEN ISLAND,502,YES,1,10306
321110597,EW,BL,BL,A2,RENEWAL,2024-04-19,BROOKLYN,307,YES,2,11220
210180294,FO,EA,,NB,RENEWAL,2024-04-19,BRONX,212,YES,2,10470
123038024,EW,SD,SD,A2,RENEWAL,2024-04-22,MANHATTAN,103,YES,2,10003
123025662,EW,OT,OT,A2,RENEWAL,2024-04-23,MANHATTAN,112,YES,2,10033
240301721,NB,,,NB,RENEWAL,2024-04-26,BRONX,205,YES,2,10453
123025662,EW,OT,OT,A2,RENEWAL,2024-05-01,MANHATTAN,112,YES,2,10033
123393791,AL,,,A1,RENEWAL,2024-05-01,MANHATTAN,103,YES,2,10003
140900915,EW,OT,OT,A2,RENEWAL,2024-05-03,MANHATTAN,105,YES,2,10003
321930345,FO,,,NB,INITIAL,2024-05-06,BROOKLYN,314,,1,11210
321598302,FO,EA,,NB,RENEWAL,2024-05-07,BROOKLYN,301,YES,2,11249
421616914,PL,,PL,NB,INITIAL,2024-05-09,QUEENS,404,YES,2,11368
220381487,AL,,,A1,RENEWAL,2024-05-09,BRONX,212,,2,10475
420377924,EW,OT,OT,A2,RENEWAL,2024-05-10,QUEENS,414,YES,1,11691
121191753,EQ,FN,EQ,NB,RENEWAL,2024-05-10,MANHATTAN,111,YES,2,10037
121191753,NB,,,NB,RENEWAL,2024-05-10,MANHATTAN,111,YES,2,10037
123915291,AL,,,A1,INITIAL,2024-05-13,MANHATTAN,107,YES,2,10025
220525947,EQ,FN,EQ,NB,RENEWAL,2024-05-13,BRONX,204,,2,10451
310091682,AL,,,A1,RENEWAL,2024-05-15,BROOKLYN,303,YES,2,11216
340640079,EW,BL,BL,A2,RENEWAL,2024-05-15,BROOKLYN,301,,2,11222
421732842,EW,OT,OT,A2,RENEWAL,2024-05-16,QUEENS,412,YES,2,11435
123906611,AL,,,A1,RENEWAL,2024-05-17,MANHATTAN,111,YES,2,10035
321191660,FO,,,NB,RENEWAL,2024-05-20,BROOKLYN,301,YES,2,11211
402885776,EW,SD,SD,A2,RENEWAL,2024-05-20,QUEENS,405,,2,11379
320377695,NB,,,NB,RENEWAL,2024-05-21,BROOKLYN,314,YES,1,11230
402181358,AL,,,A1,RENEWAL,2024-06-05,QUEENS,411,YES,1,11363
123111952,NB,,,NB,RENEWAL,2024-06-05,MANHATTAN,105,,2,10018
220738192,AL,,,A1,INITIAL,2024-06-05,BRONX,209,YES,1,10460
122998355,EW,OT,OT,A2,RENEWAL,2024-06-06,MANHATTAN,105,,2,10036
123747320,AL,,,A1,RENEWAL,2024-06-06,MANHATTAN,102,,2,10012
123342524,EW,SP,SP,A2,RENEWAL,2024-06-07,MANHATTAN,105,,2,10123
420357483,AL,,,A1,RENEWAL,2024-06-10,QUEENS,406,YES,1,11375
420654786,FO,EA,,NB,RENEWAL,2024-06-11,QUEENS,412,,2,11435
420654786,FO,,,NB,RENEWAL,2024-06-11,QUEENS,412,,2,11435
321355957,NB,,,NB,RENEWAL,2024-06-12,BROOKLYN,301,YES,1,11249
421531471,NB,,,NB,RENEWAL,2024-06-14,QUEENS,403,YES,2,11369
300793443,AL,,,A1,RENEWAL,2024-06-17,BROOKLYN,316,YES,1,11212
123914924,AL,,,A1,RENEWAL,2024-06-17,MANHATTAN,106,YES,2,10022
410089283,NB,,,NB,RENEWAL,2024-06-18,QUEENS,413,,2,11422
220624055,EW,OT,OT,A2,RENEWAL,2024-06-21,BRONX,207,YES,2,10468
140886548,EW,OT,OT,A2,RENEWAL,2024-06-20,MANHATTAN,108,YES,2,10021
340779955,EW,OT,OT,A2,RENEWAL,2024-06-21,BROOKLYN,301,YES,1,11211
210182372,NB,,,NB,RENEWAL,2024-06-21,BRONX,211,YES,2,10461
321935581,PL,,PL,A1,RENEWAL,2024-06-21,BROOKLYN,303,YES,1,11216
321186836,PL,,PL,A1,INITIAL,2024-06-21,BROOKLYN,301,,1,11249
321920953,FO,EA,,NB,RENEWAL,2024-06-24,BROOKLYN,312,YES,1,11230
302585842,EW,MH,MH,A2,RENEWAL,2024-06-24,BROOKLYN,318,,2,11229
321632248,SG,,,SG,RENEWAL,2024-06-24,BROOKLYN,304,,2,11206
122995465,AL,,,A1,RENEWAL,2024-06-26,MANHATTAN,105,YES,2,10003
120470409,EQ,SH,EQ,A3,RENEWAL,2024-06-26,MANHATTAN,105,YES,2,10003
220647815,EW,OT,OT,A2,RENEWAL,2024-06-26,BRONX,211,YES,1,10469
520315365,EQ,FN,EQ,A1,RENEWAL,2024-06-27,STATEN ISLAND,502,YES,1,10306
520315365,FO,EA,,A1,RENEWAL,2024-06-27,STATEN ISLAND,502,YES,1,10306
520315365,FO,,,A1,RENEWAL,2024-06-27,STATEN ISLAND,502,YES,1,10306
321968439,AL,,,A1,RENEWAL,2024-06-28,BROOKLYN,309,YES,1,11225
421392950,EQ,FN,EQ,A3,RENEWAL,2024-07-01,QUEENS,407,,2,11354
520396447,AL,,,A1,RENEWAL,2024-07-01,STATEN ISLAND,503,,1,10312
220511569,NB,,,NB,RENEWAL,2024-07-01,BRONX,207,YES,2,10458
420927858,PL,,PL,A1,RENEWAL,2024-07-03,QUEENS,401,YES,1,11105
421654025,FO,,,NB,RENEWAL,2024-07-03,QUEENS,401,,2,11101
421654025,NB,,,NB,RENEWAL,2024-07-03,QUEENS,401,,2,11101
321590140,AL,,,A1,RENEWAL,2024-07-03,BROOKLYN,311,YES,1,11204
520371552,EW,OT,OT,A2,INITIAL,2024-07-08,STATEN ISLAND,501,YES,1,10301
122416028,PL,,PL,A2,RENEWAL,2024-07-08,MANHATTAN,105,,2,10016
122519649,PL,,PL,A2,RENEWAL,2024-07-08,MANHATTAN,105,,2,10016
122656009,EQ,SH,EQ,A3,RENEWAL,2024-07-08,MANHATTAN,109,YES,2,10031
122141609,PL,,PL,A2,RENEWAL,2024-07-10,MANHATTAN,105,,2,10016
340113781,EW,OT,OT,A2,RENEWAL,2024-07-10,BROOKLYN,307,YES,2,11220
301800362,AL,,,A1,RENEWAL,2024-07-11,BROOKLYN,317,,2,11212
340820428,AL,,OT,A3,RENEWAL,2024-07-11,BROOKLYN,318,,2,11236
321286791,NB,,,NB,RENEWAL,2024-07-12,BROOKLYN,301,YES,2,11211
321011418,EQ,FN,EQ,NB,RENEWAL,2024-07-15,BROOKLYN,301,YES,2,11249
122849052,AL,,,A1,RENEWAL,2024-07-16,MANHATTAN,102,,2,10012
104700799,AL,,,A1,RENEWAL,2024-07-17,MANHATTAN,108,YES,2,10022
220744041,AL,,,A1,INITIAL,2024-07-18,BRONX,212,,2,10470
140949446,AL,,,A1,INITIAL,2024-07-22,MANHATTAN,101,,2,10013
321673952,AL,,,A1,RENEWAL,2024-07-23,BROOKLYN,303,,2,11216
122957719,AL,,,A1,RENEWAL,2024-07-23,MANHATTAN,105,YES,2,10011
402432382,EQ,FN,EQ,A2,RENEWAL,2024-07-24,QUEENS,411,,1,11427
321981851,FO,EA,,NB,RENEWAL,2024-07-26,BROOKLYN,310,YES,2,11209
200507512,AL,,,A1,RENEWAL,2024-07-30,BRONX,210,YES,1,10461
400970277,EQ,FN,EQ,A1,RENEWAL,2024-07-31,QUEENS,409,,2,11419
321936492,PL,,PL,A2,RENEWAL,2024-08-01,BROOKLYN,315,YES,2,11223
321230253,NB,,,NB,RENEWAL,2024-08-01,BROOKLYN,305,,2,11208
320625454,EQ,FN,EQ,NB,RENEWAL,2024-08-05,BROOKLYN,301,YES,1,11211
321599034,AL,,,A1,RENEWAL,2024-08-05,BROOKLYN,304,YES,2,11207
122937297,EQ,FN,EQ,A2,RENEWAL,2024-08-05,MANHATTAN,110,YES,2,10030
421532452,NB,,,NB,RENEWAL,2024-08-05,QUEENS,411,YES,1,11363
140886548,EW,OT,OT,A2,RENEWAL,2024-08-05,MANHATTAN,108,YES,2,10021
440636402,AL,,,A1,RENEWAL,2024-08-06,QUEENS,407,YES,2,11354
420459113,EW,BL,BL,A2,RENEWAL,2024-08-06,QUEENS,409,,2,11419
401217839,PL,,PL,A1,RENEWAL,2024-08-06,QUEENS,409,,1,11419
320900067,FO,,,NB,RENEWAL,2024-08-08,BROOKLYN,302,YES,2,11238
421204743,AL,,,A1,INITIAL,2024-08-09,QUEENS,408,,1,11367
321698436,FO,EA,,NB,RENEWAL,2024-08-12,BROOKLYN,314,YES,2,11210
321188040,NB,,,NB,RENEWAL,2024-08-13,BROOKLYN,304,YES,2,11221
340639599,EW,OT,OT,A2,RENEWAL,2024-08-13,BROOKLYN,315,,2,11229
421928953,PL,,PL,NB,RENEWAL,2024-08-14,QUEENS,405,,2,11385
340658586,PL,,PL,A2,RENEWAL,2024-08-14,BROOKLYN,306,YES,1,11215
321313226,PL,,PL,A2,RENEWAL,2024-08-15,BROOKLYN,314,,2,11226
321188772,AL,,,A1,RENEWAL,2024-08-16,BROOKLYN,303,YES,2,11221
421959241,AL,,,A1,RENEWAL,2024-08-16,QUEENS,408,YES,1,11435
421654025,FO,EA,,NB,RENEWAL,2024-08-16,QUEENS,401,,2,11101
421654025,FO,,,NB,RENEWAL,2024-08-16,QUEENS,401,,2,11101
421654025,NB,,,NB,RENEWAL,2024-08-16,QUEENS,401,,2,11101
420793797,PL,,PL,A2,RENEWAL,2024-08-19,QUEENS,412,YES,1,11434
421654025,FO,EA,,NB,RENEWAL,2024-08-19,QUEENS,401,,2,11101
421654025,FO,,,NB,RENEWAL,2024-08-19,QUEENS,401,,2,11101
421654025,NB,,,NB,RENEWAL,2024-08-19,QUEENS,401,,2,11101
421230457,EQ,FN,EQ,NB,RENEWAL,2024-08-21,QUEENS,408,YES,1,11432
340805212,FO,EA,,NB,INITIAL,2024-08-21,BROOKLYN,310,,2,11220
220591955,NB,,,NB,RENEWAL,2024-08-21,BRONX,206,YES,2,10460
340805212,FO,,,NB,INITIAL,2024-08-21,BROOKLYN,310,,2,11220
421229735,FO,EA,,NB,RENEWAL,2024-08-21,QUEENS,401,YES,2,11102
421229735,FO,,,NB,RENEWAL,2024-08-21,QUEENS,401,YES,2,11102
421883545,FO,,,NB,RENEWAL,2024-08-21,QUEENS,412,YES,1,11412
421939031,AL,,,A1,INITIAL,2024-08-22,QUEENS,412,YES,1,11434
401072405,EW,OT,OT,A2,RENEWAL,2024-08-22,QUEENS,409,,1,11419
421229735,FO,EA,,NB,RENEWAL,2024-08-22,QUEENS,401,YES,2,11102
122620681,FO,,,NB,RENEWAL,2024-08-23,MANHATTAN,109,YES,2,10031
104729652,AL,,,A1,RENEWAL,2024-08-27,MANHATTAN,104,YES,2,10036
340322190,EQ,SH,EQ,A3,RENEWAL,2024-08-27,BROOKLYN,309,,2,11203
340323082,EQ,SH,EQ,A3,RENEWAL,2024-08-27,BROOKLYN,309,,2,11203
322115331,AL,,,A1,INITIAL,2024-08-28,BROOKLYN,311,,2,11214
421632745,AL,,,A1,RENEWAL,2024-08-28,QUEENS,405,YES,2,11385
420348804,NB,,,NB,RENEWAL,2024-08-29,QUEENS,408,,2,11367
321229862,EW,OT,OT,A2,RENEWAL,2024-08-29,BROOKLYN,302,,2,11201
123071200,EQ,SF,EQ,A3,RENEWAL,2024-09-03,MANHATTAN,105,,2,10036
123048861,EQ,OT,EQ,A3,RENEWAL,2024-09-03,MANHATTAN,105,,2,10036
240181076,EQ,SH,EQ,A3,RENEWAL,2024-09-03,BRONX,206,,2,10457
421735242,EW,OT,OT,A2,RENEWAL,2024-09-04,QUEENS,412,YES,1,11433
200217256,AL,,,A1,RENEWAL,2024-09-04,BRONX,208,YES,1,10471
421347812,DM,,,DM,RENEWAL,2024-09-04,QUEENS,403,,2,11370
401217839,PL,,PL,A1,RENEWAL,2024-09-04,QUEENS,409,,1,11419
420459113,EW,BL,BL,A2,RENEWAL,2024-09-04,QUEENS,409,,2,11419
520391264,AL,,,A1,RENEWAL,2024-09-09,STATEN ISLAND,502,,2,10314
402432382,EW,OT,OT,A2,RENEWAL,2024-09-10,QUEENS,411,,1,11427
402432382,EQ,FN,EQ,A2,RENEWAL,2024-09-10,QUEENS,411,,1,11427
420348804,EQ,FN,EQ,NB,RENEWAL,2024-09-10,QUEENS,408,,2,11367
401694895,AL,,,A1,RENEWAL,2024-09-10,QUEENS,406,,2,11375
302067536,NB,,,NB,RENEWAL,2024-09-10,BROOKLYN,305,YES,1,11207
302067536,EQ,FN,EQ,NB,RENEWAL,2024-09-10,BROOKLYN,305,YES,1,11207
302067545,NB,,,NB,RENEWAL,2024-09-10,BROOKLYN,305,YES,1,11207
320124021,PL,,PL,A2,RENEWAL,2024-09-10,BROOKLYN,306,YES,2,11231
401445085,AL,,,A1,RENEWAL,2024-09-11,QUEENS,410,YES,1,11420
300818140,PL,,PL,A2,INITIAL,2024-09-11,BROOKLYN,306,,1,11231
321751494,FO,,,NB,RENEWAL,2024-09-11,BROOKLYN,312,,2,11219
121750578,AL,,,A1,RENEWAL,2024-09-12,MANHATTAN,102,YES,2,10014
220152901,EQ,FN,EQ,NB,RENEWAL,2024-09-12,BRONX,204,YES,2,10456
321632159,AL,,,A1,RENEWAL,2024-09-12,BROOKLYN,316,YES,2,11233
421662016,NB,,,NB,RENEWAL,2024-09-13,QUEENS,401,,2,11101
121192663,EQ,FN,EQ,NB,INITIAL,2024-09-17,MANHATTAN,106,YES,2,10017
121192663,NB,,,NB,INITIAL,2024-09-17,MANHATTAN,106,YES,2,10017
121208095,FO,EA,,NB,RENEWAL,2024-09-17,MANHATTAN,105,YES,2,10019
121208095,FO,,,NB,RENEWAL,2024-09-17,MANHATTAN,105,YES,2,10019
121718070,EQ,FN,EQ,A3,RENEWAL,2024-09-18,MANHATTAN,110,YES,2,10026
540178984,EW,OT,OT,A2,INITIAL,2024-09-19,STATEN ISLAND,502,YES,1,10314
104713197,AL,,,A1,RENEWAL,2024-09-19,MANHATTAN,110,YES,2,10027
102160055,AL,,,A1,RENEWAL,2024-09-19,MANHATTAN,107,YES,2,10023
302033975,EQ,FN,EQ,NB,RENEWAL,2024-09-20,BROOKLYN,317,YES,1,11226
121718089,EQ,FN,EQ,A3,RENEWAL,2024-09-24,MANHATTAN,110,YES,2,10026
121192663,FO,,,NB,INITIAL,2024-09-24,MANHATTAN,106,YES,2,10017
121192663,FO,EA,,NB,INITIAL,2024-09-24,MANHATTAN,106,YES,2,10017
321595412,AL,,,A1,RENEWAL,2024-09-25,BROOKLYN,305,YES,2,11207
302061998,PL,,PL,A2,RENEWAL,2024-09-25,BROOKLYN,312,,2,11230
320911037,NB,,,NB,RENEWAL,2024-09-26,BROOKLYN,302,YES,2,11238
421181107,NB,,,NB,RENEWAL,2024-09-26,QUEENS,408,YES,2,11432
321633826,PL,,PL,A2,RENEWAL,2024-09-26,BROOKLYN,314,YES,1,11210
123803349,EW,OT,OT,A2,RENEWAL,2024-09-27,MANHATTAN,111,YES,2,10029
340551600,EQ,SH,EQ,A3,RENEWAL,2024-09-30,BROOKLYN,313,YES,2,11214
321737778,PL,,PL,A2,RENEWAL,2024-09-30,BROOKLYN,305,YES,1,11207
320912492,AL,,,A1,RENEWAL,2024-09-30,BROOKLYN,301,YES,2,11222
340498376,EQ,SH,EQ,A3,RENEWAL,2024-10-01,BROOKLYN,301,YES,2,11249
402098877,EW,OT,OT,A2,RENEWAL,2024-10-01,QUEENS,403,,2,11368
402432382,EQ,FN,EQ,A2,RENEWAL,2024-10-01,QUEENS,411,,1,11427
340408981,EQ,SH,EQ,A3,RENEWAL,2024-10-01,BROOKLYN,301,YES,2,11249
340498429,EQ,SH,EQ,A3,RENEWAL,2024-10-01,BROOKLYN,301,YES,2,11249
340505180,EQ,SH,EQ,A3,RENEWAL,2024-10-01,BROOKLYN,301,YES,2,11249
420458775,PL,,PL,A2,RENEWAL,2024-10-03,QUEENS,410,YES,1,11419
321519932,AL,,,A1,RENEWAL,2024-10-03,BROOKLYN,304,YES,2,11207
321747213,EW,OT,OT,A2,RENEWAL,2024-10-03,BROOKLYN,304,,2,11237
322036701,AL,,,A1,RENEWAL,2024-10-07,BROOKLYN,301,,2,11211
140978075,EW,OT,OT,A2,RENEWAL,2024-10-07,MANHATTAN,107,YES,2,10025
440666691,NB,,,NB,RENEWAL,2024-10-09,QUEENS,402,YES,2,11377
421723406,EW,OT,OT,A2,RENEWAL,2024-10-09,QUEENS,410,YES,1,11417
320125878,AL,,,A1,RENEWAL,2024-10-15,BROOKLYN,301,YES,2,11211
520371552,EW,OT,OT,A2,RENEWAL,2024-10-15,STATEN ISLAND,501,YES,1,10301
121209030,AL,,,A1,RENEWAL,2024-10-15,MANHATTAN,101,YES,2,10007
420459113,EW,BL,BL,A2,RENEWAL,2024-10-15,QUEENS,409,,2,11419
420913747,NB,,,NB,RENEWAL,2024-10-16,QUEENS,414,,2,11692
321158796,FO,,,A1,RENEWAL,2024-10-16,BROOKLYN,311,,2,11214
321158796,FO,EA,,A1,RENEWAL,2024-10-16,BROOKLYN,311,,2,11214
321436530,EW,OT,OT,A2,RENEWAL,2024-10-16,BROOKLYN,315,YES,2,11223
300313818,AL,,,A1,RENEWAL,2024-10-16,BROOKLYN,313,YES,2,11235
420139843,NB,,,NB,RENEWAL,2024-10-17,QUEENS,401,YES,2,11103
321158796,FO,,,A1,RENEWAL,2024-10-17,BROOKLYN,311,,2,11214
321211381,EQ,FN,EQ,NB,RENEWAL,2024-10-22,BROOKLYN,304,YES,2,11237
240175289,EQ,SF,EQ,A3,RENEWAL,2024-10-22,BRONX,204,YES,2,10451
421560144,EQ,FN,EQ,A3,RENEWAL,2024-10-22,QUEENS,402,,2,11377
420458310,EW,OT,OT,A2,RENEWAL,2024-10-23,QUEENS,401,,2,11105
421327674,AL,,,A1,INITIAL,2024-10-24,QUEENS,409,YES,1,11419
421265384,EW,OT,OT,A2,INITIAL,2024-10-24,QUEENS,404,,2,11373
421197341,AL,,,A1,RENEWAL,2024-10-25,QUEENS,404,YES,1,11368
321276445,NB,,,NB,RENEWAL,2024-10-30,BROOKLYN,301,YES,2,11206
320908327,EQ,FN,EQ,NB,RENEWAL,2024-10-30,BROOKLYN,308,YES,2,11216
321193631,NB,,,NB,RENEWAL,2024-11-06,BROOKLYN,301,YES,2,11222
520357765,NB,,,NB,RENEWAL,2024-11-07,STATEN ISLAND,501,YES,1,10301
321357232,EQ,FN,EQ,A1,RENEWAL,2024-11-07,BROOKLYN,306,YES,2,11231
321747561,EW,OT,OT,A2,RENEWAL,2024-11-07,BROOKLYN,303,YES,2,11205
121207942,NB,,,NB,RENEWAL,2024-11-08,MANHATTAN,106,YES,2,10016
321195096,NB,,,NB,RENEWAL,2024-11-08,BROOKLYN,305,YES,2,11239
400792950,EW,OT,OT,A2,RENEWAL,2024-11-08,QUEENS,401,,1,11105
421392558,EQ,FN,EQ,A1,RENEWAL,2024-11-08,QUEENS,412,,2,11434
421392558,AL,,,A1,RENEWAL,2024-11-08,QUEENS,412,,2,11434
320911251,NB,,,NB,RENEWAL,2024-11-13,BROOKLYN,311,YES,1,11204
400816863,PL,,PL,A2,RENEWAL,2024-11-13,QUEENS,410,,1,11417
210179199,PL,,PL,NB,RENEWAL,2024-11-13,BRONX,203,YES,2,10459
540189179,AL,,,A1,RENEWAL,2024-12-06,STATEN ISLAND,502,YES,1,10306
121207942,FO,,,NB,RENEWAL,2024-11-14,MANHATTAN,106,YES,2,10016
220428632,EQ,FN,EQ,NB,RENEWAL,2024-11-14,BRONX,211,,2,10469
220428632,NB,,,NB,RENEWAL,2024-11-14,BRONX,211,,2,10469
301800111,NB,,,NB,RENEWAL,2024-11-19,BROOKLYN,312,YES,2,11218
301806179,NB,,,NB,RENEWAL,2024-11-19,BROOKLYN,312,YES,2,11218
421532354,NB,,,NB,RENEWAL,2024-11-19,QUEENS,405,,2,11378
421532354,EQ,FN,EQ,NB,RENEWAL,2024-11-19,QUEENS,405,,2,11378
124040732,AL,,,A1,INITIAL,2024-11-19,MANHATTAN,105,YES,2,10016
121960887,AL,,,A1,RENEWAL,2024-11-20,MANHATTAN,102,YES,1,10011
322088888,EW,OT,OT,A2,RENEWAL,2024-11-22,BROOKLYN,303,YES,2,11205
322003354,NB,,,NB,RENEWAL,2024-11-25,BROOKLYN,316,YES,2,11212
210178350,FO,,,NB,RENEWAL,2024-12-06,BRONX,209,,2,10472
321094052,EW,MH,MH,A2,RENEWAL,2024-11-29,BROOKLYN,301,YES,2,11206
210178920,EQ,OT,EQ,NB,INITIAL,2024-12-02,BRONX,211,YES,2,10462
321188068,NB,,,NB,RENEWAL,2024-12-03,BROOKLYN,305,YES,1,11207
210182069,NB,,,NB,INITIAL,2024-12-06,BRONX,201,YES,2,10451
210178350,FO,EA,,NB,RENEWAL,2024-12-06,BRONX,209,,2,10472
210182069,FO,,,NB,RENEWAL,2024-12-09,BRONX,201,YES,2,10451
210182069,FO,EA,,NB,RENEWAL,2024-12-09,BRONX,201,YES,2,10451
101915947,AL,,,A1,RENEWAL,2024-12-10,MANHATTAN,105,YES,2,10003
421215633,EW,OT,OT,A2,RENEWAL,2024-12-11,QUEENS,414,YES,1,11694
421007387,EQ,FN,EQ,NB,RENEWAL,2024-12-11,QUEENS,407,YES,1,11354
322012488,EW,BL,BL,A2,RENEWAL,2024-12-12,BROOKLYN,303,YES,2,11221
320596583,PL,,PL,A1,RENEWAL,2024-12-13,BROOKLYN,310,YES,1,11220
410132887,EQ,FN,EQ,NB,RENEWAL,2024-12-13,QUEENS,404,YES,2,11368
123362574,AL,,OT,A3,RENEWAL,2024-12-16,MANHATTAN,112,,2,10033
123112648,NB,,,NB,RENEWAL,2024-12-16,MANHATTAN,110,YES,2,10027
410132887,FO,,,NB,RENEWAL,2024-12-18,QUEENS,404,YES,2,11368
421621846,NB,,,NB,RENEWAL,2024-12-20,QUEENS,407,YES,2,11354
401961338,AL,,,A1,RENEWAL,2024-12-23,QUEENS,414,YES,1,11694
401401871,NB,,,NB,RENEWAL,2024-12-24,QUEENS,412,YES,1,11434
123572552,EW,OT,OT,A2,RENEWAL,2024-12-27,MANHATTAN,108,YES,1,10028
321663918,AL,,,A1,RENEWAL,2024-12-30,BROOKLYN,301,,2,11222
340620171,EW,SD,SD,A2,RENEWAL,2024-12-30,BROOKLYN,301,,2,11222
340620171,EW,SP,SP,A2,RENEWAL,2024-12-30,BROOKLYN,301,,2,11222
421925117,EW,OT,OT,A2,RENEWAL,2024-12-30,QUEENS,403,YES,2,11372
200246144,PL,,PL,A2,RENEWAL,2024-12-31,BRONX,211,,1,10469
322034874,AL,,,A1,RENEWAL,2025-01-02,BROOKLYN,312,,2,11219
340915246,AL,,OT,A3,INITIAL,2025-01-02,BROOKLYN,304,,2,11207
121206140,NB,,,NB,RENEWAL,2025-01-02,MANHATTAN,105,YES,2,10001
321596509,FO,,,NB,INITIAL,2025-01-03,BROOKLYN,310,YES,2,11219
320725738,FO,,,NB,RENEWAL,2025-01-06,BROOKLYN,308,YES,2,11238
320725738,NB,,,NB,RENEWAL,2025-01-06,BROOKLYN,308,YES,2,11238
121203820,EQ,FN,EQ,NB,RENEWAL,2025-01-06,MANHATTAN,112,YES,2,10032
321383365,AL,,,A1,RENEWAL,2025-01-07,BROOKLYN,314,,2,11230
123058822,NB,,,NB,RENEWAL,2025-01-07,MANHATTAN,105,YES,2,10016
123770455,EW,OT,OT,A2,RENEWAL,2025-01-08,MANHATTAN,102,YES,2,10014
321125849,AL,,,A1,RENEWAL,2025-01-08,BROOKLYN,304,YES,1,11221
321754142,AL,,,A1,RENEWAL,2025-01-09,BROOKLYN,312,YES,1,11219
320911251,FO,EA,,NB,RENEWAL,2025-01-09,BROOKLYN,311,YES,1,11204
320911251,FO,,,NB,RENEWAL,2025-01-09,BROOKLYN,311,YES,1,11204
321647811,EQ,FN,EQ,NB,RENEWAL,2025-01-09,BROOKLYN,301,YES,2,11222
320912063,PL,,PL,NB,RENEWAL,2025-01-14,BROOKLYN,302,,2,11205
201090693,NB,,,NB,RENEWAL,2025-01-16,BRONX,211,YES,1,10460
321593931,PL,,PL,A1,RENEWAL,2025-01-16,BROOKLYN,303,YES,2,11216
140769416,PL,,PL,A2,RENEWAL,2025-01-17,MANHATTAN,106,YES,2,10017
400807506,PL,,PL,A2,RENEWAL,2025-01-17,QUEENS,404,,2,11372
123490070,AL,,,A1,RENEWAL,2025-01-17,MANHATTAN,104,,2,10001
321970747,EW,MH,MH,A2,RENEWAL,2025-01-17,BROOKLYN,301,YES,2,11211
302013684,AL,,,A1,RENEWAL,2025-01-17,BROOKLYN,315,YES,1,11229
123770455,EW,OT,OT,A2,RENEWAL,2025-01-21,MANHATTAN,102,,2,10014
321597090,FO,,,NB,RENEWAL,2025-01-21,BROOKLYN,307,YES,2,11220
440511572,EW,MH,MH,A2,RENEWAL,2025-01-23,QUEENS,411,,2,11362
321970355,AL,,,A1,INITIAL,2025-01-29,BROOKLYN,318,,2,11234
420066788,AL,,,A1,RENEWAL,2025-01-29,QUEENS,414,,2,11693
321125849,AL,,,A1,RENEWAL,2025-01-31,BROOKLYN,304,YES,1,11221
420377924,EW,OT,OT,A2,RENEWAL,2025-01-31,QUEENS,414,YES,1,11691
420377924,PL,,PL,A2,RENEWAL,2025-01-31,QUEENS,414,YES,1,11691
220647735,PL,,PL,A2,RENEWAL,2025-02-03,BRONX,211,YES,1,10469
123549259,EW,FB,FB,A2,RENEWAL,2025-02-03,MANHATTAN,101,YES,2,10038
122136553,PL,,PL,A2,INITIAL,2025-02-04,MANHATTAN,103,,2,10009
123311594,AL,,,A1,RENEWAL,2025-02-04,MANHATTAN,101,YES,2,10004
421545536,EQ,FN,EQ,A3,RENEWAL,2025-02-05,QUEENS,408,YES,1,11432
321627682,EW,SP,SP,A2,RENEWAL,2025-02-06,BROOKLYN,301,,2,11211
321625899,EQ,FN,EQ,NB,RENEWAL,2025-02-06,BROOKLYN,308,YES,2,11238
421317337,NB,,,NB,RENEWAL,2025-02-19,QUEENS,404,YES,1,11368
400841032,AL,,,A1,RENEWAL,2025-02-06,QUEENS,412,YES,1,11434
520276521,AL,,OT,A3,INITIAL,2025-02-06,STATEN ISLAND,501,YES,1,10302
321474766,AL,,,A1,RENEWAL,2025-02-07,BROOKLYN,302,YES,1,11205
321625899,EQ,FN,EQ,NB,RENEWAL,2025-02-10,BROOKLYN,308,YES,2,11238
320626499,AL,,,A1,INITIAL,2025-02-11,BROOKLYN,313,,2,11223
420910679,EQ,FN,EQ,A1,RENEWAL,2025-02-11,QUEENS,409,YES,1,11419
420783227,FO,,,NB,RENEWAL,2025-02-11,QUEENS,414,YES,1,11691
421654025,FO,EA,,NB,RENEWAL,2025-02-11,QUEENS,401,,2,11101
302059377,AL,,,A1,RENEWAL,2025-02-14,BROOKLYN,303,YES,1,11233
321106398,AL,,,A1,RENEWAL,2025-02-14,BROOKLYN,301,,2,11211
421059017,EQ,FN,EQ,NB,RENEWAL,2025-02-14,QUEENS,411,,2,11364
321627682,EW,SP,SP,A2,RENEWAL,2025-02-25,BROOKLYN,301,,2,11211
121276207,PL,,PL,A2,RENEWAL,2025-02-25,MANHATTAN,107,YES,2,10025
320626499,FO,,,A1,INITIAL,2025-02-27,BROOKLYN,313,,2,11223
321969125,EW,OT,OT,A2,RENEWAL,2025-02-27,BROOKLYN,302,YES,2,11201
300074489,AL,,,A1,RENEWAL,2025-02-27,BROOKLYN,305,YES,1,11208
421842224,AL,,,A1,INITIAL,2025-02-28,QUEENS,404,,2,11368
410071238,EQ,FN,EQ,NB,RENEWAL,2025-02-28,QUEENS,402,,2,11377
410071238,NB,,,NB,RENEWAL,2025-02-28,QUEENS,402,,2,11377
440645795,EW,OT,OT,A2,INITIAL,2025-03-05,QUEENS,410,YES,1,11417
421482489,EQ,FN,EQ,NB,RENEWAL,2025-03-06,QUEENS,401,YES,2,11106
320910724,PL,,PL,A1,RENEWAL,2025-03-07,BROOKLYN,316,,2,11233
520331114,PL,,PL,A2,INITIAL,2025-03-07,STATEN ISLAND,501,YES,2,10302
122424144,PL,,PL,A2,INITIAL,2025-03-11,MANHATTAN,107,,2,10023
321383472,PL,,PL,A1,RENEWAL,2025-03-25,BROOKLYN,301,,2,11249
420825986,FO,,,A1,RENEWAL,2025-03-12,QUEENS,404,YES,1,11368
121205739,FO,EA,,A1,INITIAL,2025-03-13,MANHATTAN,103,YES,2,10002
340744350,NB,,,NB,RENEWAL,2025-03-13,BROOKLYN,301,YES,1,11211
123770455,EW,OT,OT,A2,RENEWAL,2025-03-13,MANHATTAN,102,YES,2,10014
321815595,PL,,PL,NB,RENEWAL,2025-03-14,BROOKLYN,315,YES,1,11223
420021817,AL,,,A1,RENEWAL,2025-03-14,QUEENS,406,YES,1,11374
410071238,NB,,,NB,RENEWAL,2025-03-14,QUEENS,402,,2,11377
210009239,AL,,,A1,RENEWAL,2025-03-14,BRONX,210,YES,1,10465
340134919,EW,OT,OT,A2,RENEWAL,2025-03-17,BROOKLYN,303,YES,2,11221
420493353,AL,,,A1,RENEWAL,2025-03-17,QUEENS,412,YES,1,11423
321386932,FO,EA,,NB,RENEWAL,2025-03-17,BROOKLYN,317,YES,2,11226
321386932,FO,,,NB,RENEWAL,2025-03-17,BROOKLYN,317,YES,2,11226
320718470,PL,,PL,A2,RENEWAL,2025-03-19,BROOKLYN,301,,2,11222
440631425,AL,,,A1,RENEWAL,2025-03-19,QUEENS,402,YES,1,11377
121205739,FO,,,A1,INITIAL,2025-03-20,MANHATTAN,103,YES,2,10002
140358333,EW,OT,OT,A2,RENEWAL,2025-03-20,MANHATTAN,107,YES,2,10025
321498599,NB,,,NB,RENEWAL,2025-03-20,BROOKLYN,312,,2,11219
401831354,NB,,,NB,RENEWAL,2025-03-25,QUEENS,412,YES,1,11423
300433216,NB,,,NB,RENEWAL,2025-03-28,BROOKLYN,307,,2,11232
300960510,AL,,,A1,RENEWAL,2025-04-04,BROOKLYN,318,YES,1,11236
321135829,EW,OT,OT,A2,RENEWAL,2025-03-31,BROOKLYN,318,YES,1,11210
520331114,EW,OT,OT,A2,RENEWAL,2025-04-03,STATEN ISLAND,501,YES,2,10302
321183287,FO,,,NB,RENEWAL,2025-04-04,BROOKLYN,307,YES,2,11232
321408534,NB,,,NB,RENEWAL,2025-04-07,BROOKLYN,303,YES,2,11216
401089674,PL,,PL,NB,RENEWAL,2025-04-07,QUEENS,408,YES,1,11367
122367606,AL,,,A1,RENEWAL,2025-04-09,MANHATTAN,101,YES,2,10038
321183287,FO,,,NB,RENEWAL,2025-04-16,BROOKLYN,307,YES,2,11232
401089674,PL,,PL,NB,RENEWAL,2025-04-10,QUEENS,408,YES,1,11367
410232270,AL,,,A1,RENEWAL,2025-04-11,QUEENS,407,,2,11355
520116240,AL,,,A1,RENEWAL,2025-04-11,STATEN ISLAND,501,YES,1,10314
401814453,AL,,,A1,RENEWAL,2025-04-14,QUEENS,412,,2,11434
421889291,NB,,,NB,RENEWAL,2025-04-14,QUEENS,409,YES,2,11418
520258382,PL,,PL,NB,RENEWAL,2025-04-14,STATEN ISLAND,501,,2,10304
102774179,AL,,,A1,RENEWAL,2025-04-17,MANHATTAN,103,YES,2,10002
141006015,EW,OT,OT,A2,RENEWAL,2025-04-17,MANHATTAN,111,YES,2,10037
421695543,FO,EA,,A1,INITIAL,2025-04-21,QUEENS,404,,2,11373
220340842,FO,EA,,NB,RENEWAL,2025-04-21,BRONX,210,,2,10464
401089674,PL,,PL,NB,RENEWAL,2025-04-28,QUEENS,408,YES,1,11367
321189584,FO,,,NB,RENEWAL,2025-04-30,BROOKLYN,306,YES,2,11201
320908336,NB,,,NB,RENEWAL,2025-04-30,BROOKLYN,317,YES,2,11226
321459355,PL,,PL,NB,RENEWAL,2025-04-30,BROOKLYN,307,,2,11232
140506600,EQ,SH,EQ,A3,RENEWAL,2025-05-01,MANHATTAN,105,,2,10036
320908853,NB,,,NB,RENEWAL,2025-05-06,BROOKLYN,302,YES,2,11238
321376872,AL,,,A1,RENEWAL,2025-05-08,BROOKLYN,301,,2,11206
300938626,AL,,,A1,RENEWAL,2025-05-08,BROOKLYN,306,YES,1,11231
321183303,FO,EA,,NB,RENEWAL,2025-05-12,BROOKLYN,307,,2,11232
320910724,AL,,,A1,RENEWAL,2025-05-14,BROOKLYN,316,YES,2,11233
321191394,PL,,PL,NB,RENEWAL,2025-05-16,BROOKLYN,306,,2,11217
510036177,AL,,,A1,RENEWAL,2025-05-16,STATEN ISLAND,502,YES,1,10306
123819305,AL,,,A1,RENEWAL,2025-05-16,MANHATTAN,102,,2,10013
321772104,FO,,,NB,RENEWAL,2025-05-16,BROOKLYN,315,YES,2,11235
321989185,NB,,,NB,RENEWAL,2025-05-19,BROOKLYN,308,YES,2,11213
210180481,NB,,,NB,RENEWAL,2025-05-21,BRONX,204,,2,10451
121780457,AL,,,A1,RENEWAL,2025-05-22,MANHATTAN,102,YES,1,10014
500384363,PL,,PL,A2,INITIAL,2025-05-23,STATEN ISLAND,501,,2,10303
321737466,EW,OT,OT,A2,RENEWAL,2025-05-27,BROOKLYN,309,,2,11225
321387931,AL,,,A1,RENEWAL,2025-05-27,BROOKLYN,312,YES,2,11219
122515518,PL,,PL,A2,RENEWAL,2025-05-27,MANHATTAN,108,YES,2,10028
322099233,DM,,,DM,RENEWAL,2025-05-27,BROOKLYN,309,,1,11213
421428538,AL,,OT,A3,RENEWAL,2025-05-28,QUEENS,412,YES,2,11435
420948176,PL,,PL,A2,INITIAL,2025-05-30,QUEENS,411,,2,11361
220705887,NB,,,NB,RENEWAL,2025-05-30,BRONX,211,YES,2,10462
321805828,PL,,PL,NB,RENEWAL,2025-06-02,BROOKLYN,301,,2,11222
140792355,PL,,PL,A2,RENEWAL,2025-06-02,MANHATTAN,109,YES,2,10027
300844996,AL,,,A1,RENEWAL,2025-06-04,BROOKLYN,307,YES,1,11215
410117939,EW,OT,OT,A2,RENEWAL,2025-06-04,QUEENS,403,,2,11372
220152313,FO,,,NB,RENEWAL,2025-06-05,BRONX,209,,2,10462
421207223,PL,,PL,A2,RENEWAL,2025-06-09,QUEENS,414,,2,11693
421207223,PL,,PL,A2,RENEWAL,2025-06-09,QUEENS,414,,2,11693
120778578,PL,,PL,A2,RENEWAL,2025-06-09,MANHATTAN,112,,2,10034
300499850,AL,,,A1,RENEWAL,2025-06-10,BROOKLYN,306,,2,11231
421774832,AL,,,A1,RENEWAL,2025-06-11,QUEENS,413,YES,1,11411
240167289,AL,,OT,A3,INITIAL,2025-06-13,BRONX,207,YES,2,10468
321583238,NB,,,NB,RENEWAL,2025-06-17,BROOKLYN,302,YES,2,11201
421168293,AL,,,A1,RENEWAL,2025-06-25,QUEENS,401,YES,1,11105
320504959,EW,OT,OT,A2,RENEWAL,2025-06-25,BROOKLYN,307,YES,2,11215
123718600,EW,SP,SP,A2,RENEWAL,2025-06-27,MANHATTAN,106,,2,10003
320504959,EW,OT,OT,A2,RENEWAL,2025-06-30,BROOKLYN,307,YES,2,11215
520388688,NB,,,NB,INITIAL,2025-06-30,STATEN ISLAND,503,YES,1,10309
201066933,NB,,,NB,RENEWAL,2025-06-30,BRONX,212,YES,1,10466
500149591,AL,,,A1,RENEWAL,2025-07-01,STATEN ISLAND,503,,2,10309
421903532,NB,,,NB,RENEWAL,2025-07-01,QUEENS,402,,2,11377
220708839,AL,,,A1,RENEWAL,2025-07-01,BRONX,212,YES,1,10467
421061807,AL,,,A1,RENEWAL,2025-07-02,QUEENS,411,YES,1,11361
322084374,AL,,,A1,RENEWAL,2025-07-03,BROOKLYN,307,YES,1,11215
320504959,EW,OT,OT,A2,RENEWAL,2025-07-03,BROOKLYN,307,YES,2,11215
421661124,AL,,OT,A3,RENEWAL,2025-07-07,QUEENS,403,,2,11372
320945377,EW,OT,OT,A2,RENEWAL,2025-07-07,BROOKLYN,312,YES,2,11230
500737679,PL,,PL,A2,RENEWAL,2025-07-09,STATEN ISLAND,503,,2,10309
321924904,PL,,PL,A1,RENEWAL,2025-07-10,BROOKLYN,308,YES,2,11213
421215633,EW,OT,OT,A2,RENEWAL,2025-07-15,QUEENS,414,YES,1,11694
401990002,AL,,,A1,RENEWAL,2025-07-15,QUEENS,408,,2,11367
102236750,EW,SP,SP,A2,RENEWAL,2025-07-15,MANHATTAN,107,,2,10023
421428538,AL,,OT,A3,RENEWAL,2025-07-15,QUEENS,412,YES,2,11435
420663115,PL,,PL,NB,RENEWAL,2025-07-16,QUEENS,409,,2,11418
440653785,AL,,,A1,RENEWAL,2025-07-18,QUEENS,410,YES,1,11420
121582858,AL,,,A1,RENEWAL,2025-07-18,MANHATTAN,105,,2,10036
500182116,AL,,,A1,RENEWAL,2025-07-18,STATEN ISLAND,503,YES,1,10308
121464771,PL,,PL,A2,RENEWAL,2025-07-22,MANHATTAN,102,,2,10013
301417919,AL,,,A1,RENEWAL,2025-07-22,BROOKLYN,318,YES,1,11234
401757880,NB,,,NB,RENEWAL,2025-07-23,QUEENS,401,,2,11106
210179983,FO,EA,,NB,RENEWAL,2025-07-23,BRONX,205,YES,2,10457
321449232,AL,,,A1,RENEWAL,2025-07-24,BROOKLYN,315,,2,11223
122827325,PL,,PL,A2,RENEWAL,2025-07-24,MANHATTAN,103,,2,10003
122272432,PL,,PL,A2,RENEWAL,2025-07-24,MANHATTAN,103,YES,2,10003
322030805,DM,,,DM,INITIAL,2025-07-24,BROOKLYN,314,,1,11230
520259087,EQ,SH,EQ,A3,RENEWAL,2025-07-29,STATEN ISLAND,501,,2,10304
200630219,AL,,,A1,RENEWAL,2025-07-29,BRONX,208,YES,1,10471
302030530,PL,,PL,A1,RENEWAL,2025-07-29,BROOKLYN,305,YES,1,11208
520461884,DM,,,DM,RENEWAL,2025-07-31,STATEN ISLAND,503,,2,10309
122357010,PL,,PL,A2,RENEWAL,2025-08-06,MANHATTAN,110,,2,10026
321573775,EW,OT,OT,A2,RENEWAL,2025-08-04,BROOKLYN,306,,2,11231
220456183,EW,OT,OT,A2,RENEWAL,2025-08-06,BRONX,204,,2,10451
320839410,AL,,,A1,RENEWAL,2025-08-08,BROOKLYN,312,,2,11219
123594672,EW,OT,OT,A2,RENEWAL,2025-08-08,MANHATTAN,111,YES,2,10128
122995465,AL,,,A1,RENEWAL,2025-08-11,MANHATTAN,105,YES,2,10003
421939031,AL,,,A1,INITIAL,2025-08-11,QUEENS,412,YES,1,11434
301515849,PL,,PL,NB,RENEWAL,2025-08-13,BROOKLYN,307,,2,11232
421781067,AL,,,A1,INITIAL,2025-08-15,QUEENS,401,,2,11105
400690720,PL,,PL,A1,RENEWAL,2025-08-18,QUEENS,407,YES,1,11355
340796918,AL,,,A1,RENEWAL,2025-08-18,BROOKLYN,306,YES,1,11231
421176738,NB,,,NB,RENEWAL,2025-08-18,QUEENS,404,YES,1,11373
321141171,EW,OT,OT,A2,RENEWAL,2025-08-18,BROOKLYN,308,YES,2,11238
210177823,NB,,,NB,RENEWAL,2025-08-21,BRONX,201,,2,10455
322000099,NB,,,NB,RENEWAL,2025-08-21,BROOKLYN,315,,2,11235
340253736,EW,SP,SP,A2,INITIAL,2025-08-28,BROOKLYN,312,,2,11219
302334506,PL,,PL,NB,RENEWAL,2025-09-02,BROOKLYN,305,YES,1,11208
340796918,AL,,,A1,RENEWAL,2025-09-03,BROOKLYN,306,YES,1,11231
103857569,AL,,,A1,RENEWAL,2025-09-03,MANHATTAN,108,YES,1,10021
110331230,AL,,,A1,RENEWAL,2025-09-05,MANHATTAN,101,YES,2,10013
421810348,AL,,,A1,RENEWAL,2025-09-09,QUEENS,401,,2,11101
321632159,AL,,,A1,RENEWAL,2025-09-09,BROOKLYN,316,YES,2,11233
201061493,AL,,,A1,RENEWAL,2025-09-11,BRONX,210,YES,1,10465
321769877,AL,,,A1,RENEWAL,2025-09-12,BROOKLYN,308,,2,11213
420665042,NB,,,NB,RENEWAL,2025-09-12,QUEENS,411,,2,11427
103395924,EQ,SH,EQ,A3,RENEWAL,2025-09-17,MANHATTAN,101,,2,10004
321253521,EQ,FN,EQ,NB,RENEWAL,2025-09-17,BROOKLYN,312,,2,11218
322041660,NB,,,NB,RENEWAL,2025-09-19,BROOKLYN,311,,2,11228
321926528,EW,OT,OT,A2,RENEWAL,2025-09-19,BROOKLYN,306,YES,1,11231
140757045,EW,OT,OT,A2,RENEWAL,2025-09-19,MANHATTAN,101,,2,10007
340761651,AL,,,A1,RENEWAL,2025-09-23,BROOKLYN,308,YES,1,11216
321688107,EW,OT,OT,A2,RENEWAL,2025-09-24,BROOKLYN,318,YES,1,11210
300818140,PL,,PL,A2,RENEWAL,2025-09-24,BROOKLYN,306,,1,11231
500492111,AL,,,A1,RENEWAL,2025-09-26,STATEN ISLAND,502,YES,1,10305
322020004,AL,,,A1,RENEWAL,2025-09-30,BROOKLYN,317,YES,1,11203
322085266,EW,OT,OT,A2,INITIAL,2025-10-02,BROOKLYN,318,,2,11236
421756834,AL,,,A1,RENEWAL,2025-10-02,QUEENS,403,YES,1,11369
340795483,FO,,,NB,RENEWAL,2025-10-06,BROOKLYN,314,,2,11226
220524216,AL,,,A1,RENEWAL,2025-10-06,BRONX,201,YES,2,10454
210180935,AL,,,A1,RENEWAL,2025-10-07,BRONX,202,YES,2,10459
321969205,EW,OT,OT,A2,RENEWAL,2025-10-08,BROOKLYN,306,YES,2,11201
320913231,NB,,,NB,RENEWAL,2025-10-08,BROOKLYN,306,YES,2,11201
320913231,FO,EA,,NB,RENEWAL,2025-10-08,BROOKLYN,306,YES,2,11201
320913231,FO,,,NB,RENEWAL,2025-10-08,BROOKLYN,306,YES,2,11201
220693729,AL,,,A1,RENEWAL,2025-10-10,BRONX,208,YES,1,10468
140962493,AL,,,A1,RENEWAL,2025-10-15,MANHATTAN,102,YES,1,10011
401217839,PL,,PL,A1,RENEWAL,2025-10-21,QUEENS,409,,1,11419
500621749,NB,,,NB,RENEWAL,2025-10-22,STATEN ISLAND,501,,2,10301
500621749,EQ,FN,EQ,NB,RENEWAL,2025-10-22,STATEN ISLAND,501,,2,10301
321598847,AL,,,A1,RENEWAL,2025-10-24,BROOKLYN,302,YES,1,11205
123752331,EW,OT,OT,A2,RENEWAL,2025-10-27,MANHATTAN,104,,2,10001
420999879,EQ,FN,EQ,NB,RENEWAL,2025-10-28,QUEENS,414,YES,1,11694
421339698,FO,EA,,NB,RENEWAL,2025-10-29,QUEENS,407,,2,11354
301031023,AL,,,A1,RENEWAL,2025-11-17,BROOKLYN,301,YES,1,11211
140843121,PL,,PL,A2,RENEWAL,2025-10-31,MANHATTAN,107,YES,2,10025
420824157,PL,,PL,A2,RENEWAL,2025-11-03,QUEENS,412,YES,1,11435
421742252,AL,,,A1,RENEWAL,2025-11-06,QUEENS,406,,2,11375
402170039,PL,,PL,A1,INITIAL,2025-11-06,QUEENS,408,YES,1,11367
220638399,EW,OT,OT,A2,RENEWAL,2025-11-06,BRONX,207,YES,1,10467
220638399,PL,,PL,A2,RENEWAL,2025-11-06,BRONX,207,YES,1,10467
120304349,PL,,PL,A2,RENEWAL,2025-11-07,MANHATTAN,107,YES,2,10025
520453107,FO,,,NB,INITIAL,2025-11-13,STATEN ISLAND,503,,2,10307
520453107,FO,EA,,NB,INITIAL,2025-11-13,STATEN ISLAND,503,,2,10307
520453107,NB,,,NB,INITIAL,2025-11-13,STATEN ISLAND,503,,2,10307
320523386,EW,OT,OT,A2,RENEWAL,2025-11-14,BROOKLYN,318,YES,1,11234
402099000,NB,,,NB,RENEWAL,2025-11-14,QUEENS,407,YES,1,11358
321949040,PL,,PL,A2,INITIAL,2025-11-17,BROOKLYN,303,YES,1,11221
321949040,EW,OT,OT,A2,RENEWAL,2025-11-18,BROOKLYN,303,YES,1,11221
220643891,AL,,OT,A3,RENEWAL,2025-11-19,BRONX,201,YES,2,10454
340795483,FO,,,NB,RENEWAL,2025-11-25,BROOKLYN,314,,2,11226
321598847,AL,,,A1,RENEWAL,2025-11-25,BROOKLYN,302,YES,1,11205
320516937,AL,,,A1,RENEWAL,2025-11-26,BROOKLYN,316,,2,11233
500600370,AL,,,A1,RENEWAL,2025-12-03,STATEN ISLAND,503,YES,1,10312
101257970,PL,,PL,A2,RENEWAL,2025-12-04,MANHATTAN,103,,2,10009
301972934,AL,,,A1,RENEWAL,2025-12-08,BROOKLYN,314,YES,1,11230
401807078,NB,,,NB,RENEWAL,2025-12-10,QUEENS,402,,2,11101
340795483,FO,,,NB,RENEWAL,2025-12-11,BROOKLYN,314,,2,11226
340795483,FO,,,NB,RENEWAL,2025-12-12,BROOKLYN,314,,2,11226
320624115,AL,,,A1,RENEWAL,2025-12-15,BROOKLYN,304,YES,2,11237
302280001,PL,,PL,A1,RENEWAL,2025-12-18,BROOKLYN,307,,2,11220
421939102,AL,,,A1,RENEWAL,2025-12-19,QUEENS,402,,2,11377
301245187,AL,,,A1,RENEWAL,2025-12-23,BROOKLYN,312,YES,1,11219
320622714,NB,,,NB,RENEWAL,2025-12-23,BROOKLYN,313,YES,2,11224
421909368,EW,OT,OT,A2,RENEWAL,2025-12-23,QUEENS,409,YES,1,11416
123376140,EW,OT,OT,A2,RENEWAL,2025-12-29,MANHATTAN,104,,2,10019
122535630,AL,,,A1,RENEWAL,2025-12-30,MANHATTAN,108,YES,2,10065
401585646,AL,,,A1,RENEWAL,2026-01-02,QUEENS,414,,2,11691
310182272,EW,OT,OT,A2,RENEWAL,2026-01-02,BROOKLYN,302,,2,11201
310009031,EW,OT,OT,A2,RENEWAL,2026-01-02,BROOKLYN,302,,2,11201
310009022,EW,OT,OT,A2,RENEWAL,2026-01-02,BROOKLYN,302,,2,11201
210179340,FO,EA,,NB,RENEWAL,2026-01-05,BRONX,212,YES,1,10469
301161560,AL,,,A1,RENEWAL,2026-01-06,BROOKLYN,311,,2,11223
123038195,EQ,SH,EQ,A3,RENEWAL,2026-01-06,MANHATTAN,102,YES,2,10014
210179983,NB,,,NB,RENEWAL,2026-01-07,BRONX,205,YES,2,10457
220693729,AL,,,A1,RENEWAL,2026-01-08,BRONX,208,YES,1,10468
520001382,PL,,PL,A1,INITIAL,2026-01-09,STATEN ISLAND,501,YES,1,10303
520355464,PL,,PL,A2,INITIAL,2026-01-09,STATEN ISLAND,501,YES,1,10303
321353833,PL,,PL,A2,RENEWAL,2026-01-09,BROOKLYN,313,YES,2,11224
321730560,PL,,PL,A2,RENEWAL,2026-01-09,BROOKLYN,308,,2,11216
321915521,AL,,,A1,RENEWAL,2026-01-12,BROOKLYN,306,,2,11217
420211960,AL,,,A1,RENEWAL,2026-01-13,QUEENS,407,,2,11354
321905667,PL,,PL,A2,RENEWAL,2026-01-14,BROOKLYN,311,,2,11214
220735649,DM,,,DM,RENEWAL,2026-01-14,BRONX,207,,1,10458
123366302,NB,,,NB,RENEWAL,2026-01-16,MANHATTAN,112,YES,2,10040
500280037,AL,,,A1,RENEWAL,2026-01-16,STATEN ISLAND,502,YES,1,10306
440651117,EW,OT,OT,A2,INITIAL,2026-01-20,QUEENS,410,YES,1,11419
320908899,AL,,,A1,RENEWAL,2026-01-20,BROOKLYN,302,,2,11201
340794297,AL,,,A1,RENEWAL,2026-01-21,BROOKLYN,314,,2,11226
320908336,PL,,PL,NB,RENEWAL,2026-01-21,BROOKLYN,317,YES,2,11226
301327687,NB,,,NB,RENEWAL,2026-01-22,BROOKLYN,303,YES,1,11233
340795483,FO,,,NB,RENEWAL,2026-01-22,BROOKLYN,314,,2,11226
310156416,AL,,,A1,RENEWAL,2026-01-22,BROOKLYN,308,YES,2,11213
421693233,FO,EA,,NB,RENEWAL,2026-01-22,QUEENS,402,YES,2,11377
402897745,EW,OT,OT,A2,RENEWAL,2026-01-23,QUEENS,412,,2,11434
220735649,EQ,OT,EQ,DM,RENEWAL,2026-01-23,BRONX,207,,1,10458
421133543,NB,,,NB,RENEWAL,2026-01-31,QUEENS,412,YES,2,11423
321183303,FO,,,NB,RENEWAL,2026-02-04,BROOKLYN,307,,2,11232
500224526,AL,,,A1,RENEWAL,2026-02-05,STATEN ISLAND,501,YES,1,10314
421317337,EQ,FN,EQ,NB,RENEWAL,2026-02-06,QUEENS,404,YES,1,11368
510071226,NB,,,NB,RENEWAL,2026-02-06,STATEN ISLAND,501,,1,10303
402477903,NB,,,NB,RENEWAL,2026-02-09,QUEENS,409,YES,1,11419
340795483,FO,,,NB,RENEWAL,2026-02-09,BROOKLYN,314,,2,11226
421681530,FO,,,A1,INITIAL,2026-02-10,QUEENS,414,YES,1,11691
340755392,FO,EA,,NB,INITIAL,2026-02-12,BROOKLYN,317,YES,1,11210
421368237,AL,,,A1,RENEWAL,2026-02-17,QUEENS,403,,2,11368
340794297,AL,,,A1,RENEWAL,2026-02-17,BROOKLYN,314,,2,11226
402376852,NB,,,NB,RENEWAL,2026-02-19,QUEENS,413,YES,1,11413
220332361,AL,,,A1,RENEWAL,2026-02-20,BRONX,203,YES,1,10456
123250196,DM,,,DM,RENEWAL,2026-02-26,MANHATTAN,104,,2,10018
321183303,FO,EA,,NB,RENEWAL,2026-02-26,BROOKLYN,307,,2,11232
321183303,NB,,,NB,RENEWAL,2026-02-26,BROOKLYN,307,,2,11232
321183303,EQ,FN,EQ,NB,RENEWAL,2026-02-26,BROOKLYN,307,,2,11232
321965575,NB,,,NB,RENEWAL,2026-03-01,BROOKLYN,303,,2,11216
220698555,FO,EA,,NB,RENEWAL,2026-03-02,BRONX,203,YES,2,10460
220698555,FO,,,NB,RENEWAL,2026-03-02,BRONX,203,YES,2,10460
421693233,FO,EA,,NB,RENEWAL,2026-03-03,QUEENS,402,YES,2,11377
321599463,AL,,,A1,RENEWAL,2026-03-03,BROOKLYN,305,YES,2,11208
120349364,PL,,PL,A2,RENEWAL,2026-03-09,MANHATTAN,104,YES,2,10011
421368237,AL,,,A1,RENEWAL,2026-03-10,QUEENS,403,,2,11368
421317337,NB,,,NB,RENEWAL,2026-03-11,QUEENS,404,YES,1,11368
310142020,AL,,,A1,RENEWAL,2026-03-11,BROOKLYN,303,YES,1,11233
302583416,NB,,,NB,RENEWAL,2026-03-12,BROOKLYN,312,,2,11220
104615141,PL,,PL,A2,RENEWAL,2026-03-13,MANHATTAN,102,,2,10012
420665925,FO,,,NB,RENEWAL,2026-03-14,QUEENS,403,,2,11368
520358247,EW,OT,OT,A2,RENEWAL,2026-03-16,STATEN ISLAND,501,YES,1,10304
321193711,NB,,,NB,INITIAL,2026-03-16,BROOKLYN,303,YES,2,11221
322120799,AL,,,A1,INITIAL,2026-03-17,BROOKLYN,315,YES,1,11235
122819272,PL,,PL,A2,RENEWAL,2026-03-17,MANHATTAN,111,,2,10029
122819272,EW,BL,BL,A2,RENEWAL,2026-03-17,MANHATTAN,111,,2,10029
321188558,EQ,FN,EQ,NB,RENEWAL,2026-03-18,BROOKLYN,303,YES,2,11216
300622235,AL,,,A1,RENEWAL,2026-03-20,BROOKLYN,312,YES,1,11219
421101186,NB,,,NB,RENEWAL,2026-03-24,QUEENS,411,,2,11364
500396485,EW,OT,OT,A2,RENEWAL,2026-03-24,STATEN ISLAND,503,,1,10308
421902631,EW,OT,OT,A2,RENEWAL,2026-03-25,QUEENS,405,,2,11378
340795483,NB,,,NB,RENEWAL,2026-03-25,BROOKLYN,314,,2,11226
122937297,PL,,PL,A2,RENEWAL,2026-03-26,MANHATTAN,110,YES,2,10030
421560386,AL,,,A1,RENEWAL,2026-03-27,QUEENS,411,,2,11358
121530879,EW,OT,OT,A2,RENEWAL,2026-03-30,MANHATTAN,102,,2,10013
302085204,AL,,,A1,RENEWAL,2026-03-31,BROOKLYN,314,YES,1,11210
340629886,EW,OT,OT,A2,RENEWAL,2026-03-31,BROOKLYN,309,YES,1,11225
520311975,EW,MH,MH,A2,RENEWAL,2026-03-31,STATEN ISLAND,501,,2,10301
322059320,PL,,PL,A2,RENEWAL,2026-03-31,BROOKLYN,301,,2,11206
340590934,EW,MH,MH,A2,RENEWAL,2026-03-31,BROOKLYN,312,,1,11218
122685362,AL,,,A1,RENEWAL,2026-03-31,MANHATTAN,107,YES,2,10024
240157245,EW,FS,FS,A2,RENEWAL,2026-03-31,BRONX,212,,2,10469
122995465,AL,,,A1,RENEWAL,2026-04-02,MANHATTAN,105,YES,2,10003
104715676,AL,,,A1,RENEWAL,2026-04-03,MANHATTAN,101,YES,2,10007
321599409,NB,,,NB,RENEWAL,2026-04-06,BROOKLYN,308,YES,2,11238
121840339,EW,OT,OT,A2,RENEWAL,2026-04-07,MANHATTAN,108,YES,2,10021
220652639,AL,,,A1,RENEWAL,2026-04-09,BRONX,208,,2,10463
123865040,AL,,,A1,RENEWAL,2026-04-10,MANHATTAN,111,,2,10029
540178984,EW,OT,OT,A2,INITIAL,2026-04-13,STATEN ISLAND,502,YES,1,10314
320933629,AL,,,A1,RENEWAL,2026-04-20,BROOKLYN,311,YES,1,11228
400238774,AL,,,A1,RENEWAL,2026-04-20,QUEENS,408,YES,1,11365
420021121,NB,,,NB,RENEWAL,2026-04-20,QUEENS,410,,1,11419
301388184,AL,,,A1,RENEWAL,2026-04-21,BROOKLYN,312,YES,1,11230
123504680,EW,OT,OT,A2,RENEWAL,2026-04-23,MANHATTAN,110,YES,2,10039
421571882,EW,OT,OT,A2,RENEWAL,2026-04-24,QUEENS,412,YES,1,11436
201204320,EW,MH,MH,A2,RENEWAL,2026-04-27,BRONX,201,,2,10454
123669654,AL,,,A1,RENEWAL,2026-04-27,MANHATTAN,102,YES,2,10012
321067395,EW,OT,OT,A2,RENEWAL,2026-04-28,BROOKLYN,306,,2,11217
302085204,AL,,,A1,RENEWAL,2026-04-28,BROOKLYN,314,YES,1,11210
220403070,NB,,,NB,RENEWAL,2026-04-29,BRONX,209,YES,1,10473
220410311,NB,,,NB,RENEWAL,2026-04-29,BRONX,209,YES,1,10473
301388184,AL,,,A1,RENEWAL,2026-04-29,BROOKLYN,312,YES,1,11230
300851148,NB,,,NB,RENEWAL,2026-05-01,BROOKLYN,312,,2,11204
321389403,NB,,,NB,INITIAL,2026-05-01,BROOKLYN,304,YES,2,11221
420043759,AL,,,A1,RENEWAL,2026-05-04,QUEENS,405,YES,1,11379
220487505,AL,,,A1,RENEWAL,2026-05-05,BRONX,205,YES,1,10468
123043606,AL,,,A1,RENEWAL,2026-05-06,MANHATTAN,108,YES,2,10028
500877161,EW,OT,OT,A2,RENEWAL,2026-05-06,STATEN ISLAND,503,,2,10312
421252101,EW,BL,BL,A2,RENEWAL,2026-05-11,QUEENS,409,,2,11415
320097827,PL,,PL,A2,RENEWAL,2026-05-12,BROOKLYN,310,,2,11209
121191192,AL,,,A1,RENEWAL,2026-05-13,MANHATTAN,103,YES,2,10002
321573775,PL,,PL,A2,RENEWAL,2026-05-13,BROOKLYN,306,YES,2,11231
540178984,EW,OT,OT,A2,INITIAL,2026-05-15,STATEN ISLAND,502,YES,1,10314
400487488,EW,OT,OT,A2,RENEWAL,2026-05-18,QUEENS,403,,2,11369
123852615,EW,OT,OT,A2,RENEWAL,2026-05-19,MANHATTAN,106,YES,2,10016
123852615,PL,,PL,A2,RENEWAL,2026-05-19,MANHATTAN,106,YES,2,10016
421639310,AL,,,A1,RENEWAL,2026-05-20,QUEENS,412,,2,11412
201118539,AL,,,A1,RENEWAL,2026-05-20,BRONX,212,YES,1,10470
321016663,PL,,PL,A1,RENEWAL,2026-05-27,BROOKLYN,316,,2,11233
123343774,PL,,PL,A2,RENEWAL,2026-05-27,MANHATTAN,109,YES,2,10031
123529413,PL,,PL,A2,RENEWAL,2026-05-27,MANHATTAN,108,YES,2,10028
420870141,NB,,,NB,RENEWAL,2026-05-29,QUEENS,414,YES,1,11693
322085417,NB,,,NB,RENEWAL,2026-06-01,BROOKLYN,304,YES,2,11207
421314786,PL,,PL,A1,RENEWAL,2026-06-02,QUEENS,408,YES,1,11435
421485903,EQ,FN,EQ,A1,RENEWAL,2026-06-02,QUEENS,404,YES,2,11373
320097827,PL,,PL,A2,RENEWAL,2026-06-03,BROOKLYN,310,,2,11209
421681530,FO,EA,,A1,RENEWAL,2026-06-03,QUEENS,414,YES,1,11691
421576618,AL,,,A1,RENEWAL,2026-06-04,QUEENS,411,YES,1,11360
440413170,EQ,SH,EQ,A3,RENEWAL,2026-06-04,QUEENS,402,YES,2,11101
322085266,EW,OT,OT,A2,RENEWAL,2026-06-08,BROOKLYN,318,,2,11236
321598179,FO,EA,,NB,RENEWAL,2026-06-08,BROOKLYN,304,YES,1,11221
321598179,FO,,,NB,RENEWAL,2026-06-08,BROOKLYN,304,YES,1,11221
104189263,AL,,,A1,RENEWAL,2026-06-10,MANHATTAN,102,YES,2,10003
420520617,FO,EA,,A1,INITIAL,2026-06-15,QUEENS,407,,2,11357
400477925,AL,,,A1,RENEWAL,2026-06-17,QUEENS,406,,2,11375
210178350,NB,,,NB,RENEWAL,2026-06-18,BRONX,209,,2,10472
321598972,NB,,,NB,RENEWAL,2026-06-23,BROOKLYN,316,YES,2,11212
400487488,EW,OT,OT,A2,RENEWAL,2026-06-23,QUEENS,403,,2,11369
104732014,AL,,,A1,RENEWAL,2026-06-23,MANHATTAN,102,,2,10013
302572124,EW,OT,OT,A2,RENEWAL,2026-06-24,BROOKLYN,311,,2,11214
302572124,EW,OT,OT,A2,RENEWAL,2026-06-24,BROOKLYN,311,,2,11214
540184986,EW,OT,OT,A2,RENEWAL,2026-06-25,STATEN ISLAND,501,,2,10301
110014430,PL,,PL,A2,RENEWAL,2026-06-30,MANHATTAN,108,,2,10128
220413693,EW,OT,OT,A2,RENEWAL,2026-06-25,BRONX,203,YES,1,10457
321166082,NB,,,NB,INITIAL,2026-06-25,BROOKLYN,308,YES,2,11216
401527273,AL,,,A1,RENEWAL,2026-06-26,QUEENS,412,YES,1,11433
321358295,AL,,,A1,RENEWAL,2026-06-29,BROOKLYN,314,,2,11210
321138372,NB,,,NB,RENEWAL,2026-06-29,BROOKLYN,306,,2,11231
321377924,AL,,,A1,RENEWAL,2026-06-30,BROOKLYN,301,YES,2,11222
321186818,PL,,PL,A1,RENEWAL,2026-07-01,BROOKLYN,312,,2,11220
122127750,AL,,,A1,RENEWAL,2026-07-01,MANHATTAN,105,,2,10001
321194113,NB,,,NB,RENEWAL,2026-07-01,BROOKLYN,301,,2,11222
420844322,PL,,PL,A1,RENEWAL,2026-07-06,QUEENS,408,YES,1,11432
420844322,AL,,,A1,RENEWAL,2026-07-06,QUEENS,408,YES,1,11432
122433544,NB,,,NB,RENEWAL,2026-07-06,MANHATTAN,112,YES,2,10032
320627416,NB,,,NB,RENEWAL,2026-07-07,BROOKLYN,302,YES,2,11217
103486906,AL,,,A1,RENEWAL,2026-07-07,MANHATTAN,110,YES,2,10026
321186426,EQ,FN,EQ,NB,RENEWAL,2026-07-08,BROOKLYN,312,YES,2,11219
321983225,EW,OT,OT,A2,RENEWAL,2026-07-08,BROOKLYN,318,YES,2,11234
322111647,DM,,,DM,RENEWAL,2026-07-08,BROOKLYN,308,,2,11238
220015828,FO,EA,,NB,RENEWAL,2026-07-08,BRONX,212,YES,1,10475
401986927,PL,,PL,A1,RENEWAL,2026-07-09,QUEENS,411,YES,1,11361
121326608,AL,,,A1,RENEWAL,2026-07-09,MANHATTAN,102,YES,1,10014
321209232,PL,,PL,A2,RENEWAL,2026-07-10,BROOKLYN,317,YES,1,11226
402886276,EW,OT,OT,A2,RENEWAL,2026-07-10,QUEENS,405,,2,11378
401173742,AL,,,A1,RENEWAL,2026-07-10,QUEENS,414,YES,2,11693
220668276,PL,,PL,A1,RENEWAL,2026-07-14,BRONX,210,YES,1,10465
421842064,AL,,,A1,INITIAL,2026-07-15,QUEENS,412,,2,11433
122955882,EW,OT,OT,A2,RENEWAL,2026-07-16,MANHATTAN,107,YES,2,10024
421727929,EW,OT,OT,A2,RENEWAL,2026-07-17,QUEENS,406,YES,1,11375
520233275,FO,,,NB,RENEWAL,2026-07-17,STATEN ISLAND,501,YES,1,10304
520233275,FO,EA,,NB,RENEWAL,2026-07-17,STATEN ISLAND,501,YES,1,10304
123213520,AL,,,A1,INITIAL,2026-07-20,MANHATTAN,102,YES,2,10014
302156798,PL,,PL,A1,INITIAL,2026-07-21,BROOKLYN,301,YES,2,11211
320900067,FO,,,NB,RENEWAL,2026-07-21,BROOKLYN,302,YES,2,11238
421693233,FO,,,NB,RENEWAL,2026-07-22,QUEENS,402,YES,2,11377
141002279,AL,,OT,A3,RENEWAL,2026-07-23,MANHATTAN,164,,2,10065
123111952,PL,,PL,NB,RENEWAL,2026-07-24,MANHATTAN,105,,2,10018
240177553,EQ,SH,EQ,A3,RENEWAL,2026-07-28,BRONX,204,,2,10452
240224093,PL,,PL,A2,RENEWAL,2026-07-28,BRONX,209,YES,2,10472
410078240,AL,,,A1,RENEWAL,2026-07-28,QUEENS,411,YES,1,11360
420237755,AL,,,A1,RENEWAL,2026-07-28,QUEENS,413,YES,1,11411
322110540,DM,,,DM,INITIAL,2026-07-29,BROOKLYN,310,,2,11209
123297315,AL,,,A1,RENEWAL,2026-07-30,MANHATTAN,110,YES,2,10026
321590319,NB,,,NB,RENEWAL,2026-08-03,BROOKLYN,303,YES,2,11221
120561748,AL,,,A1,RENEWAL,2026-08-03,MANHATTAN,102,YES,2,10013
421778552,AL,,,A1,RENEWAL,2026-08-03,QUEENS,410,,2,11417
121186448,EQ,FN,EQ,NB,RENEWAL,2026-08-04,MANHATTAN,105,YES,2,10011
510009090,AL,,,A1,RENEWAL,2026-08-05,STATEN ISLAND,503,YES,1,10312
500587750,EQ,FN,EQ,NB,RENEWAL,2026-08-06,STATEN ISLAND,503,YES,1,10312
321569058,AL,,,A1,RENEWAL,2026-08-07,BROOKLYN,312,YES,1,11230
240299912,NB,,,NB,RENEWAL,2026-08-07,BRONX,211,YES,1,10469
500840227,AL,,,A1,RENEWAL,2026-08-07,STATEN ISLAND,503,YES,1,10312
210182256,NB,,,NB,RENEWAL,2026-08-07,BRONX,202,YES,2,10474
340805212,NB,,,NB,INITIAL,2026-08-10,BROOKLYN,310,,2,11220
340633210,EW,OT,OT,A2,RENEWAL,2026-08-10,BROOKLYN,315,,2,11223
102796306,AL,,,A1,RENEWAL,2026-08-17,MANHATTAN,104,YES,2,10011
123265484,FO,EA,,NB,RENEWAL,2026-08-17,MANHATTAN,111,YES,2,10035
401985697,AL,,,A1,RENEWAL,2026-08-17,QUEENS,404,YES,1,11373
321549197,PL,,PL,A2,RENEWAL,2026-08-10,BROOKLYN,318,YES,1,11236
320059850,PL,,PL,A2,RENEWAL,2026-08-12,BROOKLYN,310,YES,1,11209
440653357,EW,OT,OT,A2,RENEWAL,2026-08-12,QUEENS,411,YES,1,11358
421640175,NB,,,NB,RENEWAL,2026-08-12,QUEENS,405,,2,11378
220683847,EW,OT,OT,A2,RENEWAL,2026-08-12,BRONX,212,YES,1,10470
302192017,EW,OT,OT,A2,RENEWAL,2026-08-12,BROOKLYN,309,,1,11225
320567114,AL,,,A1,RENEWAL,2026-08-12,BROOKLYN,318,,2,11234
520398230,AL,,,A1,RENEWAL,2026-08-13,STATEN ISLAND,502,,2,10314
320452504,AL,,,A1,RENEWAL,2026-08-13,BROOKLYN,318,YES,1,11236
220613450,PL,,PL,A2,RENEWAL,2026-08-13,BRONX,212,YES,1,10466
121330327,PL,,PL,A1,RENEWAL,2026-08-13,MANHATTAN,108,,1,10021
402512269,PL,,PL,NB,RENEWAL,2026-08-14,QUEENS,410,YES,1,11420
440635136,EW,OT,OT,A2,RENEWAL,2026-08-14,QUEENS,414,YES,1,11694
420370789,PL,,PL,A2,RENEWAL,2026-08-14,QUEENS,413,YES,1,11428
420370789,EW,OT,OT,A2,RENEWAL,2026-08-14,QUEENS,413,YES,1,11428
320219090,AL,,,A1,RENEWAL,2026-08-14,BROOKLYN,302,YES,2,11201
